Depth,BW,PW,MH,Ratio,Stability,PS_1,PS_2,PS_3,PS_4,PS_5,PS_6,PS_7,Pillar Stress,SF_1,SF_2,SF_3,SF_4,SF_5,SF_6,SF_7
76.2,6.1,4.88,1.37,3.562043796,Failed,11571.02345,12195.62631,12518.4891,12087.0404,7777.379475,12092.40414,11714.0473,9644.0625,1.199808012,1.264573546,1.298051428,1.253314192,0.806442251,1.253870362,1.214638261
29,6.3,5.4,2.9,1.862068966,Failed,5750.178309,6869.130666,7503.79242,7719.708135,5232.949369,6674.473787,7289.869282,3403.472222,1.689503523,2.018271406,2.204746192,2.268186026,1.537532563,1.961077791,2.141891811
60,6,7,1.82,3.846153846,Failed,10431.81946,11529.00915,12116.52015,11829.88199,7047.885713,11344.10027,11500.07064,5173.469388,2.016406916,2.228486976,2.342049261,2.286643856,1.362313215,2.192745219,2.222893338
53,6.1,5.6,1.8,3.111111111,Failed,9434.175227,10407.21309,10927.53144,10753.97615,6842.150718,10243.35182,10365.84521,5783.777105,1.63114433,1.799380042,1.88934173,1.859334473,1.182990042,1.771048855,1.792227644
21,5.25,6.75,3.2,2.109375,Failed,5826.185904,7075.292268,7792.410677,8016.100988,5137.342797,6856.54507,7607.61211,1659.259259,3.511317397,4.264127036,4.696318935,4.831132292,3.096166418,4.132292788,4.584944798
19,6,6,3,2,Failed,5859.179465,7039.082415,7711.113831,7923.772119,5223.600322,6833.35174,7503.989305,1900,3.083778666,3.704780218,4.058480964,4.170406378,2.749263328,3.596500916,3.949468055
23,6,6,2.9,2.068965517,Failed,6061.220136,7240.699483,7909.691713,8103.065073,5321.912517,7035.513116,7684.196926,2300,2.635313103,3.14813021,3.438996397,3.523071771,2.313875008,3.058918746,3.340955185
40,5,7,2.8,2.5,Failed,6780.682646,8052.835173,8771.279022,8902.320544,5561.106333,7832.051654,8506.283591,2938.77551,2.307315623,2.740200857,2.984671334,3.029261852,1.892320905,2.665073132,2.894499277
42,5.5,4.5,2,2.25,Failed,7611.297393,8545.366633,9051.409014,9071.526827,6234.90635,8386.927535,8631.508835,5185.185185,1.467893069,1.648034993,1.745628881,1.749508745,1.202446225,1.617478882,1.664648132
50,5,7,2.3,3.043478261,Failed,8254.744091,9486.634373,10165.65983,10136.47974,6196.519299,9275.674735,9762.049248,3673.469388,2.24712478,2.58247269,2.76731851,2.75937504,1.686830254,2.525044789,2.65744674
55,5,7,2.2,3.181818182,Failed,8629.959731,9844.493055,10510.28371,10438.27079,6349.881812,9637.135039,10070.58276,4040.816327,2.135697105,2.436263433,2.601029808,2.583208428,1.571435398,2.38494756,2.492214926
87.8,6.1,6.1,1.98,3.080808081,Failed,8951.218476,10032.87137,10618.14019,10503.52633,6582.173853,9849.524933,10120.47144,8780,1.019500965,1.142696055,1.209355374,1.196301405,0.749678115,1.121813774,1.152673285
55.5,6.62,7.43,3.8,1.955263158,Failed,5147.46308,6433.052578,7186.859248,7479.629927,4746.348927,6205.302303,7076.969905,4961.443074,1.037493125,1.296609168,1.448542116,1.507551294,0.956646858,1.25070513,1.42639345
78.2,6.47,10.53,5.16,2.040697674,Failed,4512.808596,5935.528767,6801.572621,7175.475364,4241.442986,5678.293966,6800.813323,5095.512392,0.885643729,1.164854152,1.334816226,1.408195057,0.832387925,1.114371535,1.334667213
73.5,6.6,8.4,3.65,2.301369863,Failed,5698.088741,7073.463502,7875.940467,8127.137567,4948.86994,6830.464046,7739.913327,5859.375,0.972473812,1.207204438,1.344160506,1.387031478,0.844607136,1.16573253,1.320945208
70,5,7.5,1.8,4.166666667,Failed,10917.93631,12044.00882,12646.16031,12300.72637,7169.557537,11854.37625,11996.13481,4861.111111,2.24597547,2.477624672,2.601495835,2.53043514,1.474880408,2.438614543,2.467776304
63.5,5,7.5,2.1,3.571428571,Failed,9358.231125,10592.64431,11265.4512,11110.81398,6586.756673,10382.56045,10769.07955,4409.722222,2.122181547,2.402111465,2.554684997,2.519617659,1.493689702,2.354470401,2.442121976
61,5,6,1.9,3.157894737,Failed,9251.335997,10298.08105,10861.57623,10711.60696,6715.40407,10121.15226,10331.17133,5125.694444,1.804894166,2.009109432,2.119044814,2.089786481,1.310145219,1.974591418,2.015565197
61,5,7.5,1.9,3.947368421,Failed,10343.30809,11513.60463,12143.6114,11869.52213,6959.495393,11315.79223,11550.60069,4236.111111,2.441698958,2.717965684,2.866688592,2.801985552,1.642897273,2.671268986,2.72669918
74,5,10,4,2.5,Failed,5673.126122,7150.994718,8023.011903,8289.395018,4838.93106,6888.280716,7920.625243,4162.5,1.362913183,1.717956689,1.927450307,1.991446251,1.16250596,1.654842214,1.902852911
74,4.8,7.7,2,3.85,Failed,9956.295938,11178.14673,11840.09797,11614.17502,6794.452212,10970.89343,11290.82887,4875.400573,2.042149314,2.292764782,2.428538494,2.382199134,1.393619275,2.250254777,2.315877168
57.66,5.66,5.3,2.89,1.833910035,Failed,5716.398835,6824.839803,7453.272207,7671.084273,5227.243794,6632.056541,7239.538872,6164.303539,0.92733896,1.107155052,1.209102076,1.244436492,0.847986112,1.075880916,1.17442933
165.7,5,15,5.94,2.525252525,Failed,4678.876851,6300.339477,7304.461861,7694.587728,4154.076468,6004.429042,7355.235415,7364.444444,0.635333308,0.855507775,0.991855111,1.044829354,0.56407194,0.815326816,0.998749528
195,6,17,4.88,3.483606557,Failed,6062.993027,7900.474561,9011.394948,9279.65545,4721.971433,7569.476479,8985.288888,8923.442907,0.679445489,0.885361698,1.00985629,1.039918734,0.52916475,0.848268606,1.006930731
205,6,17,5.88,2.891156463,Failed,5031.871764,6764.186575,7835.629564,8205.402675,4261.835946,6448.257773,7886.09114,9381.055363,0.536386533,0.721047506,0.835260987,0.874677993,0.454302398,0.687370186,0.840640081
167.6,5.49,15.85,5.49,2.887067395,Failed,5203.849392,6915.654694,7965.58736,8313.38982,4376.453548,6604.878715,7989.423665,7595.289291,0.685141697,0.910518932,1.048753649,1.094545514,0.576206301,0.869601994,1.05189195
193.2,5.49,15.85,5.49,2.887067395,Failed,5203.849392,6915.654694,7965.58736,8313.38982,4376.453548,6604.878715,7989.423665,8755.428944,0.594356876,0.789870461,0.909788362,0.949512568,0.499855984,0.754375229,0.912510822
184.7,5.49,15.85,5.49,2.887067395,Failed,5203.849392,6915.654694,7965.58736,8313.38982,4376.453548,6604.878715,7989.423665,8370.226325,0.62170952,0.826220753,0.951657345,0.993209681,0.522859643,0.78909201,0.954505094
36.6,7.62,6.1,4.88,1.25,Failed,3631.846841,4732.532835,5397.995038,5791.313453,4007.783948,4534.258759,5382.357017,4628.813115,0.784617298,1.022407411,1.166172603,1.251144367,0.865834038,0.979572656,1.162794195
62.5,7.62,6.1,2.44,2.5,Failed,7263.693682,8430.466795,9078.309355,9150.753756,5867.739151,8229.853358,8743.664771,7904.39398,0.91894378,1.066554478,1.148514279,1.157679359,0.742338902,1.041174488,1.106177753
101,6,9,3.8,2.368421053,Failed,5665.263158,7080.174291,7909.80883,8169.148873,4894.183555,6829.513875,7788.86536,7013.888889,0.807720688,1.009450592,1.12773512,1.164710334,0.697784586,0.973712869,1.110491695
100,6.5,8.5,3.3,2.575757576,Failed,6339.834969,7738.731539,8544.889245,8733.653055,5240.911079,7493.244517,8355.090616,7785.467128,0.814316581,0.993997073,1.097543552,1.121789215,0.673165912,0.962465629,1.073164972
97,6.6,9,3.7,2.432432432,Failed,5818.378378,7239.217892,8069.607133,8314.207258,4966.49821,6987.956648,7935.631769,7285.777778,0.798593994,0.993609483,1.107583484,1.141155757,0.681670284,0.959122946,1.089194868
51.5,6,6,3.9,1.538461538,Failed,4507.061127,5657.196156,6333.730788,6663.913706,4521.693246,5453.087836,6244.991617,5150,0.8751575,1.09848469,1.229850638,1.293963826,0.877998689,1.058852007,1.212619732
112,6.45,10.55,2.82,3.741134752,Failed,8265.3177,9827.683297,10710.79799,10700.74833,5915.150705,9556.402356,10390.90355,7270.276948,1.136864216,1.351761888,1.473231085,1.47184879,0.813607342,1.314448187,1.429230773
108,6.48,10.55,3.18,3.317610063,Failed,7329.621357,8891.742329,9787.87287,9884.999741,5536.915651,8618.294622,9552.756447,7035.389412,1.0418217,1.263859299,1.391233988,1.40503946,0.787009123,1.22499184,1.357814882
82,5,10,2.8,3.571428571,Failed,8104.465889,9624.978984,10483.68363,10489.58072,5887.697828,9361.092207,10166.95351,4612.5,1.757065775,2.086716311,2.272885339,2.274163842,1.276465654,2.029505086,2.204217562
96,6,12,2.9,4.137931034,Failed,8571.859721,10239.89541,11185.99329,11146.10486,5946.104406,9949.718067,10867.09551,5400,1.58738143,1.896276928,2.07148024,2.064093493,1.101130445,1.842540383,2.012425094
70,5.5,12.5,2.9,4.310344828,Failed,8748.617693,10451.04949,11416.6566,11357.38525,5985.068609,10154.88848,11091.18291,3628.8,2.410884505,2.88002907,3.146124504,3.129790908,1.649324462,2.798415035,3.05643268
88,6,11,2.9,3.793103448,Failed,8206.930861,9803.953447,10709.77321,10708.78962,5863.897372,9526.129792,10404.45182,5254.545455,1.561872655,1.865804289,2.038192133,2.038004944,1.115966628,1.812931275,1.980085987
112,5.5,11.5,2.9,3.965517241,Failed,8391.379303,10024.29452,10950.47232,10930.015,5905.751727,9740.226857,10638.28892,6118.714556,1.371428464,1.638300729,1.789668765,1.786325363,0.965194842,1.591874693,1.738647689
96,6,12,6,2,Failed,4143.065532,5588.214418,6484.247978,6898.044282,3986.284048,5324.305636,6532.602116,5400,0.767234358,1.034854522,1.200786663,1.277415608,0.73820075,0.985982525,1.209741133
82,6,12,3,4,Failed,8286.131063,9954.765818,10905.16176,10899.47991,5836.261455,9663.818707,10612.24345,4612.5,1.796451179,2.158214812,2.364262712,2.363030874,1.265314136,2.095136847,2.300757387
104,6,12,3,4,Failed,8286.131063,9954.765818,10905.16176,10899.47991,5836.261455,9663.818707,10612.24345,5850,1.41643266,1.701669371,1.864130215,1.863158958,0.997651531,1.651934822,1.814058709
128,5.5,12.8,5.5,2.327272727,Failed,4667.934198,6205.33589,7148.507839,7525.920754,4225.095657,5926.189053,7170.551539,6540.820313,0.713661892,0.948709121,1.092906929,1.150608088,0.645958069,0.906031472,1.096277102
128,5.49,9.75,3.66,2.663934426,Failed,6122.145579,7603.350196,8467.864966,8688.144529,5060.676446,7341.604831,8322.75303,7818.270296,0.78305627,0.972510531,1.08308675,1.111261724,0.647288499,0.939031851,1.064526131
57.9,6.4,5.18,3.66,1.415300546,Failed,4462.376651,5542.013327,6172.150338,6494.96183,4573.625437,5351.229492,6066.379559,7233.961144,0.616864891,0.766110464,0.853218619,0.897843063,0.632243573,0.739737107,0.8385972
152.4,6.1,12.19,4.88,2.49795082,Failed,5134.101624,6690.068601,7630.788497,7963.189525,4477.257997,6409.781657,7608.682061,8577.18891,0.598576256,0.779983824,0.889660771,0.928414846,0.521995964,0.747305641,0.887083419
28.5,5.8,3.8,2.7,1.407407407,Failed,5180.962683,6115.728719,6641.274105,6884.664799,5145.146382,5953.898013,6428.928902,4547.368421,1.139332071,1.344894047,1.46046537,1.513988787,1.131455802,1.309306276,1.413769087
34,6.7,3.5,2.7,1.296296296,Failed,4972.246927,5869.355793,6373.729514,6629.085891,5077.88951,5714.044457,6169.938665,7219.102041,0.688762522,0.813031283,0.882897828,0.918270147,0.703396279,0.791517342,0.854668438
34,6.7,3.5,2.7,1.296296296,Failed,4972.246927,5869.355793,6373.729514,6629.085891,5077.88951,5714.044457,6169.938665,7219.102041,0.688762522,0.813031283,0.882897828,0.918270147,0.703396279,0.791517342,0.854668438
90,6,7.5,4.8,1.5625,Failed,4094.226117,5320.336618,6060.132694,6438.599248,4180.320228,5099.711378,6037.584541,7290,0.561622238,0.729812979,0.831293922,0.883209773,0.57343213,0.699548886,0.828200897
57,5.4,3.6,1.35,2.666666667,Failed,10085.55755,10603.90068,10871.3469,10611.12164,7468.050697,10518.3263,10165.27359,8906.25,1.132413479,1.19061341,1.220642459,1.191424184,0.838517973,1.181005059,1.141364053
62,6.4,7.5,4,1.875,Failed,4913.071341,6192.943088,6948.132123,7261.912587,4621.247588,5965.426089,6859.462675,5324.008889,0.922814263,1.163210509,1.305056447,1.363993325,0.868001479,1.120476358,1.288401807
62,6.2,7.3,4,1.825,Failed,4847.121084,6109.812565,6854.864375,7172.182823,4601.30575,5885.349624,6767.385174,5300.947645,0.914387654,1.15258874,1.293139422,1.353000124,0.868015694,1.110244812,1.276636863
56,6.5,5.1,3.3,1.545454545,Failed,4910.815051,5994.395674,6618.842749,6904.71108,4829.598092,5804.242245,6471.825362,7242.752787,0.678031571,0.827640519,0.913857333,0.953326902,0.666818023,0.801386215,0.893558782
33,6.4,6.4,4.88,1.31147541,Failed,3720.082703,4847.509907,5529.139541,5920.632919,4038.688184,4644.418755,5513.121593,3300,1.127297789,1.468942396,1.675496831,1.794131188,1.223844904,1.407399623,1.670642907
22,6.5,3.5,1.6,2.1875,Failed,8390.66669,9075.791426,9436.837251,9363.420811,6771.226271,8961.346439,8899.210791,4489.795918,1.868830308,2.021426272,2.101841024,2.085489181,1.50813676,1.995936252,1.982096949
62,6.1,6.1,4,1.525,Failed,4430.853146,5585.105418,6266.172612,6603.505743,4470.97466,5379.919223,6186.206074,6200,0.714653733,0.900823455,1.010673002,1.065081571,0.721124945,0.867728907,0.997775173
62,6.1,6.1,4,1.525,Failed,4430.853146,5585.105418,6266.172612,6603.505743,4470.97466,5379.919223,6186.206074,6200,0.714653733,0.900823455,1.010673002,1.065081571,0.721124945,0.867728907,0.997775173
41,6.4,6.4,6.2,1.032258065,Failed,2928.065095,3971.093747,4620.390156,5055.297319,3540.428244,3780.206844,4662.483027,4100,0.714162218,0.96855945,1.126924428,1.232999346,0.863519084,0.922001669,1.137190982
41,6.4,6.4,6.2,1.032258065,Failed,2928.065095,3971.093747,4620.390156,5055.297319,3540.428244,3780.206844,4662.483027,4100,0.714162218,0.96855945,1.126924428,1.232999346,0.863519084,0.922001669,1.137190982
41,6.4,6.4,6.2,1.032258065,Failed,2928.065095,3971.093747,4620.390156,5055.297319,3540.428244,3780.206844,4662.483027,4100,0.714162218,0.96855945,1.126924428,1.232999346,0.863519084,0.922001669,1.137190982
35.5,5.5,5.5,2.2,2.5,Failed,7649.641703,8726.21043,9316.370771,9342.224465,6109.532591,8542.407194,8926.617536,3550,2.154828649,2.458087445,2.624329795,2.631612525,1.720995096,2.406311886,2.514540151
32,6.4,3.3,2.3,1.434782609,Failed,5667.761463,6513.585415,6979.808751,7172.300394,5494.072051,6368.739143,6702.687076,6912.029385,0.819985152,0.942354995,1.009806001,1.037654789,0.794856582,0.921399315,0.969713336
32.5,6.5,3.2,2.1,1.523809524,Failed,6112.770974,6919.086287,7358.561911,7509.07921,5747.59045,6781.860085,7034.333303,7465.637207,0.818787574,0.926791122,0.985657581,1.005818928,0.769872724,0.908410079,0.942228119
43,6.2,4.8,2.8,1.714285714,Failed,5614.938675,6668.381049,7263.309078,7483.919347,5235.330589,6485.554927,7043.872013,5645.616319,0.994566112,1.181160864,1.286539621,1.325616004,0.927326671,1.148777133,1.247671045
86.4,6.5,7.5,4.6,1.630434783,Failed,4272.235949,5512.337348,6256.690727,6622.019302,4279.326516,5289.825264,6220.160758,7526.4,0.56763339,0.732400264,0.831299257,0.879838874,0.568575483,0.702836052,0.826445679
102,6.2,7.6,4.5,1.688888889,Failed,4396.192615,5651.493107,6402.946025,6759.840105,4340.559584,5426.58318,6358.570575,8407.583102,0.52288423,0.672189979,0.761567973,0.804017043,0.516267223,0.645439137,0.756289947
61,6.1,6.1,4.57,1.334792123,Failed,3878.208443,4998.470725,5670.354323,6047.689173,4155.098213,4797.54896,5635.403754,6100,0.635771876,0.81942143,0.929566283,0.991424455,0.681163642,0.786483436,0.923836681
61,7.62,6.1,3.05,2,Failed,5810.954945,7000.443928,7679.314746,7897.620485,5190.035064,6792.810289,7479.223123,7714.688525,0.753232606,0.907417572,0.99541475,1.023712164,0.672747195,0.880503505,0.969478301
57.9,7.62,6.1,3.96,1.54040404,Failed,4475.609238,5632.059803,6313.583929,6647.453858,4495.75723,5426.620956,6229.880939,7322.630583,0.61120238,0.769130675,0.862201617,0.907795878,0.613953849,0.741075341,0.85077089
41.1,6.4,4.27,3.05,1.4,Failed,4861.793719,5856.991603,6424.975679,6702.570004,4902.143029,5683.272837,6257.567016,6415.860601,0.75777733,0.91289259,1.00142071,1.044687599,0.764066325,0.885816134,0.975327771
25.9,8.53,3.66,3.05,1.2,Failed,4501.146346,5422.52055,5948.371624,6243.754741,4782.714888,5261.688225,5793.38132,7182.655107,0.626668868,0.75494653,0.828157768,0.869282271,0.665870046,0.732554765,0.806579354
21.3,8.23,3.96,4.57,0.866520788,Failed,3124.73954,4027.354214,4568.702436,4957.668953,3877.57092,3865.468076,4540.542158,5045.876904,0.619265908,0.798147535,0.905432797,0.982518807,0.768463241,0.76606468,0.899851947
29.6,7.01,5.18,5.49,0.943533698,Failed,2974.917767,3953.516421,4553.738123,4969.999811,3659.404368,3775.853135,4567.364776,4098.072256,0.725931019,0.964725894,1.111190296,1.212765296,0.892957503,0.921373001,1.114515433
27.4,7.92,3.66,2.13,1.718309859,Failed,6445.303453,7312.784292,7786.427965,7913.219109,5826.806846,7165.005264,7448.627906,6857.179522,0.939935061,1.066442007,1.135514673,1.15400495,0.849738122,1.044891014,1.086252428
36.6,7.62,4.57,2.44,1.87295082,Failed,6287.104859,7297.007703,7857.74915,8012.473325,5602.793518,7123.366334,7568.096849,6510.226599,0.9657275,1.120853106,1.206985507,1.230751834,0.86061421,1.094181013,1.162493614
33.5,6.71,6.1,5.49,1.111111111,Failed,3228.308303,4290.259727,4941.605699,5358.168993,3756.387738,4097.463856,4956.393011,3693.375,0.874080835,1.161609565,1.337964788,1.450751411,1.017061018,1.109409106,1.341968528
30.5,7.62,4.57,3.66,1.24863388,Failed,4191.403239,5205.480045,5797.352609,6131.212461,4482.852249,5026.28137,5698.004656,5425.188833,0.772582,0.959502094,1.06859923,1.130138074,0.82630345,0.92647123,1.050286881
53.3,6.4,5.18,3.66,1.415300546,Failed,4462.376651,5542.013327,6172.150338,6494.96183,4573.625437,5351.229492,6066.379559,6659.242297,0.670102761,0.832228815,0.926854748,0.975330457,0.686808684,0.803579334,0.910971442
68.6,5.79,3.35,1.52,2.203947368,Failed,8640.945095,9266.785806,9594.49548,9492.623875,6916.328712,9162.613089,9024.712,12766.35456,0.676852978,0.725875642,0.751545434,0.74356574,0.54176223,0.717715699,0.706913783
88.4,6.55,7.16,4.88,1.467213115,Failed,3934.767895,5127.258686,5848.225023,6234.266132,4111.853297,4912.447186,5831.282683,8102.912304,0.48559922,0.632767392,0.721743591,0.769385858,0.507453758,0.606256985,0.719652696
57.9,6.4,5.18,5.49,0.943533698,Failed,2974.917767,3953.516421,4553.738123,4969.999811,3659.404368,3775.853135,4567.364776,7233.961144,0.411243261,0.546521656,0.629494413,0.687037117,0.505864532,0.521962043,0.631378118
61,6.86,4.72,3.51,1.344729345,Failed,4441.670245,5477.881099,6079.573202,6397.246017,4610.990588,5295.284631,5962.899329,9179.160532,0.483886324,0.596773646,0.662323442,0.696931489,0.502332492,0.576881144,0.649612708
30.5,6.4,3.35,2.59,1.293436293,Failed,5071.133801,5944.647811,6433.243805,6677.67375,5159.109301,5793.847187,6214.612127,6458.913455,0.785137289,0.920378923,0.996025702,1.033869519,0.798758079,0.897031246,0.962176095
36.2,6.27,5.7,3.8,1.5,Intact,4508.543469,5634.561479,6294.803251,6621.062537,4549.267022,5435.080298,6198.553724,3991.05,1.129663489,1.411799271,1.577229864,1.658977597,1.139867209,1.36181714,1.553113523
39.95,6.08,6.89,3.7,1.862162162,Intact,5090.850188,6334.028379,7060.586012,7352.755662,4758.680612,6114.184761,6943.362884,3539.144548,1.438440877,1.789706042,1.99499792,2.077551669,1.344584983,1.727588314,1.961876038
55.2,6.96,8.98,3.95,2.273417722,Intact,5444.067518,6847.865437,7674.900903,7954.913504,4789.368366,6598.52849,7572.192759,4348.135277,1.252046491,1.574897054,1.765101685,1.829500003,1.101476394,1.517553634,1.741480491
30.35,6.06,8.96,3.85,2.327272727,Intact,5579.2485,6987.91554,7815.214237,8082.394287,4855.66046,6738.142751,7700.748743,2132.173543,2.616695306,3.277367156,3.665374361,3.790683134,2.277328914,3.160222475,3.611689475
41.35,5.98,8,3.6,2.222222222,Intact,5637.998069,6982.765225,7766.056538,8019.442421,4947.780818,6745.393237,7626.665561,3156.820523,1.785973585,2.211961425,2.460088079,2.540354246,1.567330414,2.136768051,2.415932583
57.34,5.99,9.07,3.84,2.361979167,Intact,5628.009854,7045.927395,7878.393258,8141.851444,4872.113787,6794.558162,7761.992986,3952.146792,1.424038668,1.782810145,1.993446518,2.060108562,1.232776525,1.719206932,1.963994101
63.15,6.11,8.02,1.65,4.860606061,Intact,12316.45346,13390.76809,13959.07549,13435.7909,7602.110179,13210.93094,13184.08161,4900.596558,2.513255949,2.732477144,2.848444129,2.741664354,1.551262196,2.695780152,2.690301365
40.86,7.63,7.55,2.92,2.585616438,Intact,6752.631563,8075.919673,8827.114647,8965.723595,5500.388609,7845.608876,8578.412766,4129.410054,1.635253335,1.955707854,2.137621242,2.171187525,1.332003491,1.89993456,2.077394266
30.55,7.11,8.07,3.2,2.521875,Intact,6370.436911,7736.228085,8520.335845,8702.524815,5286.274458,7497.046699,8318.274389,2702.387958,2.357336182,2.862737774,3.152891435,3.220309205,1.956149354,2.774230353,3.078119988
49.82,7.67,7.63,3.05,2.501639344,Intact,6498.9749,7829.29997,8588.54943,8753.985512,5379.246481,7597.082405,8364.766859,5008.152186,1.297679196,1.563311113,1.714913827,1.747947184,1.074098047,1.5169432,1.670230166
47.07,6.89,8.29,3.37,2.459940653,Intact,6130.978518,7510.07005,8306.86724,8514.943675,5160.0595,7267.716544,8130.884542,3945.651186,1.553857203,1.903379112,2.105322252,2.15805789,1.307784002,1.841956169,2.060720565
66.95,7.5,7.77,3,2.59,Intact,6667.632959,8010.339707,8775.098466,8924.339237,5444.187862,7776.222175,8539.394759,6464.376258,1.031442585,1.239151217,1.357454782,1.380541429,0.842183011,1.202934648,1.320992841
25.98,5.53,3.11,1.34,2.320895522,Intact,9444.040181,9917.091665,10160.94325,9969.262742,7325.148834,9839.03483,9497.477976,5012.863308,1.883961242,1.978328763,2.026973932,1.988736203,1.461270412,1.962757455,1.894621376
26.83,5.09,2.91,1.33,2.187969925,Intact,9204.014275,9652.960023,9884.169715,9716.975818,7277.578618,9578.919275,9235.316962,5069.378019,1.815610168,1.904170489,1.949779574,1.916798428,1.435595963,1.889565,1.821785025
42.61,5.07,4.38,1.61,2.720496894,Intact,9328.108936,10100.28272,10507.51644,10338.45026,6994.618881,9971.241432,9911.979645,4958.689775,1.881164049,2.036885383,2.11901065,2.08491572,1.410578035,2.01086212,1.998911022
23,5.68,4,1.58,2.53164557,Intact,9083.544304,9804.626908,10184.0286,10039.59858,6965.473284,9684.27985,9597.795546,3367.43,2.697470862,2.911605262,3.02427329,2.981383009,2.068483468,2.875866714,2.85018413
23.76,5.21,4.3,1.5,2.866666667,Intact,9920.313543,10615.30896,10978.63164,10741.32083,7250.821109,10499.73106,10319.81248,2905.431011,3.414403407,3.653609025,3.778658517,3.696980169,2.495609457,3.613829072,3.551904155
23.54,5.38,4.24,1.54,2.753246753,Intact,9594.992453,10312.42013,10688.69827,10488.34703,7130.575303,10192.89472,10060.50736,3029.457736,3.167230999,3.404048191,3.528254626,3.462120267,2.35374642,3.3645938,3.320893783
26.75,4.97,4.54,1.65,2.751515152,Intact,9266.727927,10075.02728,10502.61386,10341.62342,6940.570934,9939.720317,9919.519259,2934.358171,3.15800846,3.433468819,3.579186059,3.524322122,2.365277355,3.387357554,3.380473235
19.4,5.22,4.26,1.4,3.042857143,Intact,10579.35508,11190.83715,11507.77078,11193.5113,7519.994904,11089.6316,10779.94721,2401.813132,4.404736963,4.659328821,4.791284812,4.66044221,3.130965853,4.617191674,4.488253921
20.8,5.18,4.24,1.38,3.072463768,Intact,10707.45535,11299.15794,11605.29123,11275.88212,7574.037823,11201.3236,10863.48145,2566.690103,4.171697757,4.402229131,4.521500753,4.393160712,2.950896882,4.364112204,4.232486595
23.33,5.08,4.37,1.33,3.285714286,Intact,11279.02366,11829.18249,12112.51751,11715.52643,7766.780962,11738.44954,11317.38341,2727.44179,4.135385656,4.337098056,4.440981124,4.295426751,2.847643161,4.30383137,4.149450028
58.89,5.7,8.06,3,2.686666667,Intact,6790.921281,8158.455438,8937.355021,9076.042506,5476.200576,7920.008941,8697.293019,4290.899544,1.582633481,1.901339184,2.082862796,2.115184104,1.276236025,1.845768902,2.026916019
96.2,5.77,8.06,3.1,2.6,Intact,6571.859304,7938.631809,8720.244874,8881.735412,5378.32578,7699.790242,8499.93872,7080.914612,0.92810882,1.121130849,1.231513915,1.254320367,0.759552413,1.087400521,1.200401246
33.94,5.52,8.17,2.38,3.432773109,Intact,8618.198667,9961.043876,10704.36084,10640.54284,6233.337365,9730.54746,10296.95033,2382.399723,3.617444455,4.181096808,4.49310027,4.466312993,2.61641122,4.084347126,4.32209181
39.1,6.36,6.63,2.6,2.55,Intact,7106.665041,8336.166789,9024.209795,9117.929784,5742.344628,8123.854098,8719.204829,3752.390359,1.893903449,2.221561723,2.404922978,2.429899054,1.530316433,2.164981071,2.323640132
36.5,6.3,7.25,2.68,2.705223881,Intact,7209.690794,8499.9261,9224.659358,9312.557108,5728.783032,8276.667536,8926.395126,3187.391795,2.261940564,2.666734009,2.894109024,2.921685725,1.797326278,2.596689729,2.800532755
24.15,6.25,6.1,2.65,2.301886792,Intact,6688.08022,7870.159509,8533.21999,8665.465097,5607.250689,7665.771963,8252.665932,2474.750319,2.702527268,3.180183249,3.448113502,3.50155126,2.265784409,3.09759409,3.334746891
25.7,6.17,6.15,2.6,2.365384615,Intact,6844.577416,8028.73621,8691.404788,8808.106835,5673.70965,7824.253425,8397.648139,2578.364518,2.654619766,3.113887176,3.370898384,3.416160427,2.200507186,3.03458001,3.256966996
18.58,6.16,4.86,2.78,1.748201439,Intact,5690.569984,6750.116209,7347.963117,7562.502802,5266.469767,6566.319948,7123.414844,2388.231206,2.382755057,2.826408177,3.076738591,3.166570633,2.205175844,2.749449019,2.982715755
21.5,5.96,5.09,2.75,1.850909091,Intact,5887.197797,6970.71276,7581.267153,7780.598981,5337.332926,6782.896723,7345.603206,2533.188221,2.32402699,2.751754766,2.992776885,3.071465009,2.106962634,2.67761261,2.899746314
44.95,6.01,5.03,2.68,1.876865672,Intact,6005.25742,7079.949161,7683.610247,7871.087478,5403.30112,6893.987628,7435.173311,5413.421973,1.109327418,1.307850967,1.419362888,1.453994815,0.998130415,1.273499029,1.373470117
26.51,6.68,4.32,2.65,1.630188679,Intact,5628.315439,6623.087466,7181.0822,7393.7145,5306.089839,6451.086302,6944.983546,4297.022355,1.309817584,1.541320226,1.671176365,1.720660003,1.23482947,1.501292236,1.616231653
97.27,6.04,8.63,1.37,6.299270073,Intact,15387.47147,16218.08587,16647.43786,15711.28916,8520.161863,16080.81813,15577.6686,7026.799485,2.189826464,2.30803311,2.36913518,2.235909705,1.212523835,2.288498222,2.216893855
165.45,6.32,11.66,1.45,8.04137931,Intact,16899.10495,17980.93038,18544.09757,17380.4446,8665.663023,17801.44363,17401.75833,9835.332671,1.718203696,1.828197477,1.885457075,1.767143541,0.881074724,1.809948298,1.769310598
167.68,6.43,12.98,1.45,8.951724138,Intact,17830.01769,18971.43711,19565.62721,18259.37496,8815.642696,18782.06306,18360.3605,9373.957061,1.902080154,2.023845104,2.087232434,1.947883359,0.940439842,2.003642959,1.958656348
183.83,6.93,12.99,1.23,10.56097561,Intact,21027.22172,21766.87322,22144.10704,20361.2889,9651.883759,21645.54922,20609.73734,10807.28892,1.945651854,2.014091914,2.048997413,1.884032994,0.893090194,2.002865786,1.907021964
54,6.54,6,1.2,5,Intact,14647.94866,15100.80423,15331.05779,14506.82536,8646.432288,15026.65044,14251.15988,5896.935,2.483993577,2.560788652,2.599834963,2.460061941,1.466258707,2.54821368,2.416706286
112,5.5,17,1.05,16.19047619,Intact,28178.48188,28409.01687,28524.29481,25580.20358,10992.59286,28371.61733,26338.64391,4904.844291,5.745030873,5.792032363,5.815535238,5.21529371,2.241170608,5.784407342,5.369924579
98.15,5.23,12.56,2.65,4.739622642,Intact,9596.908979,11293.10684,12244.55043,12080.23513,6294.12758,10999.82556,11841.97575,4922.695015,1.949523371,2.29409029,2.487367264,2.453988128,1.278593852,2.23451291,2.405587938
64.79,5.37,13.03,3.08,4.230519481,Intact,8410.153478,10148.26714,11141.44705,11125.34246,5828.685767,9844.6668,10856.45823,3229.942591,2.603808966,3.141934216,3.44942572,3.444439692,1.804578751,3.047938632,3.36119232
80.5,6.39,6.58,1.65,3.987878788,Intact,11156.07519,12129.1747,12643.93978,12266.67723,7365.163694,11966.28066,11941.96091,7819.231189,1.426748349,1.551197861,1.61703107,1.568783034,0.941929394,1.530365374,1.527255126
54.6,6.37,5.67,1.6,3.54375,Intact,10679.57517,11551.59659,12011.1329,11689.91756,7314.585639,11405.9319,11326.84614,6154.878829,1.735139791,1.876819497,1.951481619,1.899292884,1.188420738,1.853152957,1.840303676
25.15,6.54,4.39,1.65,2.660606061,Intact,9112.357418,9907.191658,10327.65524,10183.02257,6903.360988,9774.138712,9754.274175,3897.528338,2.337983622,2.541916517,2.649796063,2.612687243,1.771215086,2.507778742,2.502682041
35.73,6.12,5,1.73,2.89017341,Intact,9275.15827,10164.24274,10637.33545,10478.47795,6867.398891,10014.9269,10070.57317,4418.171712,2.09932046,2.300554031,2.407632872,2.37167739,1.554353099,2.266758186,2.279353052
55.7,6.13,6.85,1.7,4.029411765,Intact,11047.87608,12071.5702,12615.10951,12251.91019,7291.989166,11899.85428,11932.52905,4999.924493,2.209608585,2.4143505,2.523060003,2.450419044,1.458419857,2.380006798,2.38654185
52.5,6.38,5.66,1.7,3.329411765,Intact,10042.49731,10973.03322,11467.10937,11222.2955,7072.714903,10816.9438,10846.64509,5939.083395,1.69091704,1.847597094,1.930787734,1.889566918,1.19087651,1.821315358,1.826316348
35.5,6.81,4.6,2,2.3,Intact,7695.40268,8639.79344,9151.427619,9163.707862,6256.870775,8479.603581,8726.887519,5460.394081,1.409312692,1.582265549,1.67596468,1.678213647,1.145864325,1.552928865,1.598215695
40.33,6.52,4.53,1.83,2.475409836,Intact,8346.039606,9232.297131,9707.182927,9648.724002,6554.054418,9082.880364,9215.837273,5999.242023,1.391182348,1.538910598,1.618068231,1.608323846,1.092480416,1.514004658,1.536166942
22.62,6.2,4.8,1.65,2.909090909,Intact,9528.380782,10359.50306,10799.16286,10609.96609,7002.689316,10220.37561,10199.60416,2969.856771,3.208363742,3.48821639,3.636257129,3.572551444,2.357921562,3.441369869,3.434375777
28.75,6.08,5,2,2.5,Intact,8023.011903,9007.607333,9541.022839,9522.014421,6340.903343,8840.597861,9098.409188,3529.534,2.273107981,2.552067025,2.703196184,2.697810652,1.796527061,2.504749313,2.577793326
22.3,5.74,6.24,3.5,1.782857143,Intact,5121.612073,6313.439803,7005.250852,7287.564843,4829.19275,6103.461462,6869.832105,2054.893548,2.492397759,3.072392636,3.409057788,3.546443976,2.35009388,2.970208101,3.343157174
37.7,5.94,7.05,3.06,2.303921569,Intact,6226.665876,7505.351566,8235.423146,8423.125711,5302.075458,7282.098713,8022.154455,3199.789633,1.945961013,2.345576561,2.57373893,2.632399838,1.657007511,2.275805458,2.507088082
36.26,6.82,6.23,2.63,2.368821293,Intact,6810.369962,8003.93061,8672.806202,8793.790957,5649.693086,7797.663858,8384.486289,3977.523356,1.712213695,2.012290034,2.180453872,2.210870979,1.420404755,1.960431947,2.107966576
50.17,7.04,5.85,2.6,2.25,Intact,6675.549416,7830.465207,8476.769073,8607.791102,5628.491664,7631.03216,8190.266794,6089.45201,1.096247972,1.285906383,1.392041362,1.413557589,0.924301834,1.253155809,1.34499242
37.08,6.65,6.29,2.78,2.262589928,Intact,6473.854835,7679.243482,8359.381694,8515.147233,5488.351218,7470.148379,8103.925224,3923.259147,1.650121644,1.957363303,2.130723815,2.170426912,1.398926508,1.904067027,2.065610484
61.1,6.61,7.08,4.49,1.576837416,Intact,4252.582208,5464.845105,6190.337151,6552.622421,4296.870487,5247.678326,6146.751412,5711.124133,0.744613864,0.956877311,1.083908703,1.147343722,0.752368603,0.918852086,1.076276976
42,6.78,5.38,3.96,1.358585859,Intact,4203.183804,5289.242489,5929.282987,6274.273618,4406.311966,5096.30848,5850.674907,5364.03864,0.783585669,0.986056001,1.105376636,1.169692099,0.821454181,0.950087951,1.090721991
39.33,6,8.05,2.68,3.003731343,Intact,7597.060346,8956.618719,9720.291178,9771.912532,5825.532563,8721.364693,9406.001504,2995.193212,2.536417456,2.990330868,3.245296877,3.26253161,1.944960525,2.911787012,3.140365525
59.16,6.57,7.17,3.51,2.042735043,Intact,5474.379383,6751.514114,7493.102449,7753.870524,4929.996159,6526.463112,7349.301355,5431.2942,1.007932765,1.243076487,1.379616381,1.427628524,0.907701917,1.201640506,1.353139985
64.24,5.05,5.59,1,5.59,Intact,16966.34657,16966.34657,16966.34657,15837.69086,9450.794487,16966.34657,15628.14253,5818.421523,2.91597068,2.91597068,2.91597068,2.721990973,1.624288383,2.91597068,2.685976337
59.98,5.86,6.19,1.52,4.072368421,Intact,11745.84232,12596.5625,13042.02606,12590.51111,7630.25339,12454.95804,12267.50581,5682.497664,2.067021056,2.216729903,2.295122115,2.215664986,1.342764017,2.1918105,2.158822852
17.91,5.62,4.31,1.71,2.520467836,Intact,8712.142187,9528.73623,9962.629561,9861.989628,6749.178783,9391.704298,9426.333857,2376.728375,3.6656028,4.009181835,4.191740909,4.149397016,2.839692938,3.951526138,3.966096401
29.56,6,6.2,2.1,2.952380952,Intact,8508.617097,9630.960513,10242.68469,10179.29903,6389.170654,9439.949724,9791.37757,2861.414152,2.973570635,3.36580446,3.579588325,3.557436461,2.23287169,3.299050477,3.421866619
45.72,5.18,5.49,1.83,3,Intact,9187.926504,10163.58315,10686.37192,10540.66447,6758.74258,9999.094321,10145.46294,4317.480456,2.128075992,2.354054234,2.475140774,2.441392516,1.565436751,2.315955897,2.349857294
76.2,5.49,6.71,2.74,2.448905109,Intact,6784.113846,8027.817137,8728.322169,8856.444754,5589.786542,7812.287297,8455.461679,6297.520661,1.077267422,1.274758364,1.385993415,1.40633834,0.887617023,1.24053381,1.342665175
85.34,5.49,8.23,3.2,2.571875,Intact,6433.278747,7812.54291,8604.385583,8781.472963,5302.905838,7571.002094,8400.33087,5929.269622,1.085003577,1.317623149,1.451171245,1.481037889,0.894360718,1.276886122,1.416756431
121.92,5.49,12.8,2.29,5.589519651,Intact,11211.19567,12874.9176,13791.47775,13418.61207,6841.108996,12590.0919,13241.02503,6223.324321,1.801480221,2.06881675,2.216094974,2.156180745,1.09926924,2.023049297,2.127645026
97.54,5.49,9.75,3.2,3.046875,Intact,7002.204006,8503.44302,9365.312085,9493.482793,5448.672195,8240.541608,9143.211849,5957.766286,1.17530693,1.427287109,1.57195023,1.593463445,0.914549503,1.383159596,1.534671118
108,6,9,1.14,7.894736842,Intact,18884.21053,19301.98366,19513.04501,18083.26233,9489.942113,19233.81846,18092.11411,7500,2.517894737,2.573597821,2.601739334,2.411101644,1.265325615,2.564509128,2.412281881
108,6,9,1.1,8.181818182,Intact,19570.90909,19884.90763,20042.83591,18514.6204,9678.214756,19833.8021,18550.16746,7500,2.609454545,2.651321018,2.672378121,2.468616053,1.290428634,2.644506946,2.473355662
150,6,9,1.15,7.826086957,Intact,18720,19162.0683,19385.64719,17979.32611,9444.466258,19089.89511,17981.84401,10416.66667,1.79712,1.839558557,1.86102213,1.726015307,0.906668761,1.83262993,1.726257025
208,6,17,1.2,14.16666667,Intact,24656.17164,25418.44115,25806.01564,23422.28772,10214.20505,25293.62172,23988.2766,9518.3391,2.590385926,2.670470224,2.711188934,2.460753653,1.073107918,2.657356651,2.520216642
208,6,17,1.1,15.45454545,Intact,26897.64179,27329.19151,27546.24316,24806.74382,10714.90391,27258.95367,25494.76661,9518.3391,2.825875555,2.871214318,2.89401784,2.606205091,1.125711513,2.863835106,2.678489003
166,6,17,1.48,11.48648649,Intact,19991.49052,21344.15086,22050.10207,20394.64742,9101.444266,21119.41166,20712.98637,7596.366782,2.631717385,2.809784134,2.902716878,2.684789717,1.198131229,2.780199043,2.726696454
174,6,17,1.17,14.52991453,Intact,25288.38117,25960.20203,26300.71132,23816.95659,10357.43064,25850.38703,24417.19755,7962.456747,3.175952093,3.260325657,3.303090008,2.991156793,1.300783284,3.246534059,3.066540683
64.47,6,9,1.89,4.761904762,Intact,11390.47619,12668.08597,13355.41328,12952.96505,7186.331372,12452.21278,12699.87514,4477.083333,2.54417337,2.829539909,2.983061132,2.893170415,1.605136835,2.781322538,2.83664033
50,6,10,3.8,2.631578947,Intact,5971.711708,7463.158997,8337.670587,8574.824818,4977.38749,7198.939719,8210.184975,3200,1.866159909,2.332237187,2.605522058,2.679632756,1.555433591,2.249668662,2.565682805
34.6,5.6,12.21,3.4,3.591176471,Intact,7374.988458,9047.2861,10014.54158,10115.6909,5463.155119,8753.231072,9806.726186,1840.401669,4.00727112,4.915930175,5.441497772,5.496458227,2.968458033,4.756152539,5.328579272
77.65,5.84,12,3.8,3.157894737,Intact,6541.682418,8175.481066,9133.460515,9324.995469,5124.723652,7886.043348,8993.807024,4290.507611,1.524687289,1.905481078,2.128759891,2.173401451,1.194432947,1.83802106,2.096210481
55.75,6,10.28,2.8,3.671428571,Intact,8217.145102,9758.798421,10629.44193,10623.67955,5913.769746,9491.242734,10308.3082,3495.485075,2.35078821,2.79182952,3.040906113,3.03925759,1.691830924,2.715286299,2.949035107
55.75,6,11,3,3.666666667,Intact,7933.366499,9530.962646,10440.89748,10471.84094,5755.573039,9252.401995,10160.44955,3328.873967,2.383198216,2.863119103,3.136465239,3.145760713,1.728984965,2.779438959,3.052218153
79.92,6,9,2.9,3.103448276,Intact,7423.448276,8868.009558,9687.354359,9764.529139,5678.613789,8616.708607,9411.180775,5550,1.337558248,1.59783956,1.745469254,1.75937462,1.023173656,1.552560109,1.695708248
34.15,6,8,3,2.666666667,Intact,6765.597682,8128.032254,8904.027292,9044.900547,5469.657568,7890.474933,8664.86049,2614.609375,2.587613181,3.108698505,3.405490463,3.459369737,2.091959748,3.017840833,3.314017219
36.53,6,7,3,2.333333333,Intact,6328.637136,7603.077981,8328.954872,8506.04156,5354.037718,7380.863455,8105.234814,3149.780612,2.009231091,2.413843666,2.644296825,2.700518737,1.6998129,2.343294459,2.573269638
45.72,5.49,4.27,1.19,3.588235294,Intact,12460.89987,12828.20078,13014.75948,12474.35956,8226.215099,12768.09134,12092.95743,5971.591837,2.086696514,2.148204555,2.179445588,2.088950468,1.377558166,2.138138655,2.025081044
68.58,5.49,5.18,1.19,4.352941176,Intact,13724.62062,14129.17132,14334.64985,13633.6809,8484.463054,14062.96588,13319.36334,7274.561316,1.886659556,1.942271253,1.970517427,1.874158497,1.166319546,1.9331703,1.830950729
91.44,5.49,6.1,1.19,5.12605042,Intact,14893.62402,15332.63258,15555.61287,14698.50484,8709.322548,15260.78805,14453.84869,8252.46,1.804749616,1.857946913,1.88496677,1.781105856,1.055360771,1.849241081,1.751459406
76.2,6.1,7.62,1.37,5.562043796,Intact,14459.03632,15239.53386,15642.98001,14837.00157,8352.162079,15110.54846,14637.7575,6175.800525,2.341240825,2.467620805,2.532947745,2.402441838,1.35240153,2.446735188,2.370179776
30.48,6.71,5.49,2.59,2.11969112,Intact,6491.855406,7610.091855,8235.572205,8381.232033,5583.405048,7417.043142,7955.688987,3762.962963,1.725197795,2.02236693,2.188587102,2.227295914,1.483778901,1.971064615,2.114208688
63.64,6,14,3,4.666666667,Intact,8950.044469,10752.376,11778.92094,11700.41587,5981.997479,10438.1172,11462.533,3246.938776,2.756456185,3.311542576,3.627700353,3.603522173,1.842349946,3.214756397,3.530258435
70.79,6,12,2.2,5.454545455,Intact,11299.26963,12889.46703,13761.19162,13375.4017,6921.79854,12617.97166,13185.48794,3981.9375,2.837631086,3.236983762,3.45590347,3.359018492,1.738299142,3.168802036,3.311324686
118.62,6,15,3.5,4.285714286,Intact,7940.722426,9788.572879,10861.18038,10909.36569,5556.733993,9463.015282,10651.22252,5812.38,1.366173999,1.684090317,1.868628751,1.876918868,0.956016983,1.628079252,1.832506223
108.75,6,14,3,4.666666667,Intact,8950.044469,10752.376,11778.92094,11700.41587,5981.997479,10438.1172,11462.533,5548.469388,1.613065486,1.93789949,2.122913567,2.108764608,1.078134718,1.881260663,2.065891005
53.86,6,7,5,1.4,Intact,3797.182282,4968.08979,5678.111897,6071.658344,4042.635767,4756.825788,5668.543405,4644.05102,0.817644394,1.069775024,1.222663548,1.307405607,0.870497708,1.024283706,1.220603172
98.72,6,13,4,3.25,Intact,6468.358988,8153.388443,9147.641007,9352.695129,5046.384889,7853.848394,9030.902254,5271.881657,1.226954512,1.546580324,1.735175712,1.774071525,0.957226512,1.489761892,1.713032052
170,6,22,2.6,8.461538462,Intact,12945.5475,15185.21592,16438.55956,15831.22253,6957.203673,14798.46573,15882.96052,6884.297521,1.880445675,2.205775662,2.387833981,2.299613357,1.010590209,2.149597063,2.307128719
154,6.26,21.37,2.72,7.856617647,Intact,12195.95426,14414.14193,15662.38925,15162.71715,6755.200696,14029.92772,15167.20259,6435.96176,1.89496997,2.239625167,2.433574007,2.355936489,1.049602367,2.179927141,2.356633423
171.7,6.81,21.19,2.9,7.306896552,Intact,11390.6868,13607.25038,14864.46935,14478.38069,6512.451234,13221.6492,14440.70311,7494.876019,1.519796561,1.815540424,1.983284222,1.931770539,0.868920475,1.764091783,1.926743428
151,6.15,23.85,3.34,7.140718563,Intact,10492.52844,12833.52068,14184.58949,13926.89875,6140.730172,12422.37571,13877.87989,5972.864997,1.756699413,2.148637327,2.374838456,2.331694883,1.028104632,2.079801857,2.323487957
137,5.84,21.82,2.84,7.683098592,Intact,11802.97434,14050.62445,15322.19722,14878.71787,6618.721424,13660.16769,14869.8297,5503.708641,2.144549269,2.552937549,2.783976809,2.703398534,1.202592989,2.481993249,2.701783591
106,6.35,15.84,3.16,5.012658228,Intact,9038.012467,10952.68705,12050.21253,11966.75328,5929.462994,10617.66766,11757.04256,5200.560151,1.737892112,2.106059104,2.317098963,2.301050835,1.140158526,2.041639238,2.260726194
91.44,6.1,6.1,1.52,4.013157895,Intact,11660.13986,12504.65283,12946.8661,12505.9701,7612.393509,12364.08158,12177.99708,9144,1.275168401,1.367525463,1.415886494,1.367669521,0.832501477,1.352152404,1.331801955
60.96,5.49,9.75,2.29,4.257641921,Intact,9784.739222,11236.77749,12036.71912,11839.49381,6549.583047,10988.19159,11556.30325,3723.451228,2.627868239,3.017839311,3.232678066,3.179709653,1.759008685,2.951077082,3.103653718
114,5.49,12.8,1.98,6.464646465,Intact,12966.48388,14533.3359,15381.13989,14770.66303,7410.886646,14267.74541,14660.23092,5819.053253,2.22828067,2.497543032,2.643237521,2.538327523,1.273555392,2.451901501,2.519349846
146.3,5.49,17.37,2.13,8.154929577,Intact,14041.15184,15930.96669,16962.80372,16197.94083,7475.523638,15609.02874,16226.90323,6334.861875,2.216489028,2.514808847,2.677691171,2.556952488,1.180061031,2.463988805,2.561524395
91.44,5.49,12.8,2.07,6.183574879,Intact,12402.72372,14005.03237,14876.8045,14343.61395,7231.898717,13732.60467,14211.08387,4667.493241,2.657255849,3.0005469,3.18732213,3.073087247,1.549418144,2.942179872,3.044692972
114,5.49,17.37,1.98,8.772727273,Intact,15104.87546,16930.12777,17917.74892,16997.74544,7781.880302,16620.73693,17077.94991,4936.256007,3.059986241,3.429750756,3.629825701,3.443448925,1.576474213,3.367073529,3.459696963
106.68,6.1,9.14,1.68,5.44047619,Intact,12913.56777,14082.27744,14701.90346,14099.81954,7686.236025,13886.39599,13898.1841,7414.81907,1.74158906,1.899207156,1.982773055,1.901572972,1.036604663,1.872789593,1.874379397
140.21,5.49,12.8,2.44,5.245901639,Intact,10521.98282,12212.13761,13150.58416,12868.3164,6606.502759,11921.53462,12665.82741,7156.925058,1.47018206,1.706338618,1.837462885,1.798023075,0.923092348,1.665734169,1.769730339
93.88,5.49,9.75,1.98,4.924242424,Intact,11316.69334,12684.18695,13424.1206,13032.4338,7095.080281,12452.38886,12794.93648,5734.21262,1.973539192,2.212018945,2.34105735,2.272750361,1.237324242,2.171595245,2.231332761
39.62,6.1,6.1,2.59,2.355212355,Intact,6843.016441,8021.741155,8681.055334,8797.439925,5678.326145,7818.249944,8386.032519,3962,1.727162151,2.02466965,2.191079085,2.220454297,1.433196907,1.973308921,2.116615981
91.44,6.1,6.1,1.55,3.935483871,Intact,11434.45973,12302.71725,12758.46933,12345.68618,7531.002116,12157.99855,12012.52178,9144,1.250487722,1.345441519,1.395283172,1.350140659,0.823600406,1.329614889,1.313705357
223.38,5,28,3.5,8,Intact,10849.09223,13373.73658,14839.19741,14537.51632,6140.309903,12928.94023,14552.34037,7757.041454,1.398612125,1.724076977,1.912997049,1.874105792,0.791578843,1.666735997,1.876016837
173.22,5,25,4.2,5.952380952,Intact,8542.857143,10856.39848,12229.69051,12234.61486,5454.635337,10443.78793,12103.10945,6235.92,1.369943351,1.740945759,1.961168602,1.961958277,0.874712206,1.674779011,1.940869903
215.05,5,35,3,11.66666667,Intact,14151.26284,17000.9992,18624.10928,17834.20286,6926.544473,16504.11242,18123.85602,7022.040816,2.015263541,2.421090912,2.652235976,2.539746397,0.986400486,2.35032989,2.580995539
254.45,5,35,4,8.75,Intact,10613.44713,13378.2861,15009.68088,14750.07186,5912.89711,12886.79321,14818.13297,8308.571429,1.277409386,1.610178864,1.806529679,1.775283752,0.711662307,1.551023942,1.783475427
215.05,5,25,3,8.333333333,Intact,11960,14368.46681,15740.24519,15276.88488,6563.50985,13948.52083,15317.45403,7741.8,1.544860368,1.855959443,2.033150584,1.973298829,0.847801525,1.801715471,1.978539103
62.48,6,10,2.2,4.545454545,Intact,10314.77477,11766.41974,12562.19178,12299.38683,6722.79635,11518.57951,12036.64863,3998.72,2.579519138,2.942546551,3.141553243,3.075830973,1.681237083,2.880566659,3.010125398
62.48,6,15,2.1,7.142857143,Intact,13234.53738,14980.26124,15931.75388,15283.38927,7359.298512,14683.1578,15229.77835,3061.52,4.322864909,4.89307966,5.203870586,4.992091924,2.403805467,4.796035236,4.974580714
62.48,6,9,2.25,4,Intact,9568,10955.58688,11718.35893,11544.98897,6529.213149,10718.32001,11240.74127,4338.888889,2.205172855,2.524975209,2.700774145,2.660816921,1.50481225,2.470291423,2.59069581
70,6,15,3,5,Intact,9264.176164,11129.76653,12192.3415,12077.70398,6048.397725,10804.47778,11864.84887,3430,2.700925995,3.244829893,3.554618513,3.521196496,1.763381261,3.149993521,3.459139612
122.17,6,12,2.8,4.285714286,Intact,8877.997568,10543.63621,11484.30002,11407.26426,6061.980181,10254.56273,11137.33955,6872.0625,1.291897093,1.534275366,1.671157679,1.659947688,0.882119477,1.492210341,1.62066913
122,6.6,15.4,2.5,6.16,Intact,11264.263,13126.79682,14164.06085,13788.00893,6714.578269,12806.02611,13658.52537,6224.489796,1.809668481,2.108895227,2.275537645,2.215122746,1.078735525,2.057361572,2.19432047
122,6.6,15.4,2.5,6.16,Intact,11264.263,13126.79682,14164.06085,13788.00893,6714.578269,12806.02611,13658.52537,6224.489796,1.809668481,2.108895227,2.275537645,2.215122746,1.078735525,2.057361572,2.19432047
94,6.78,10.22,3,3.406666667,Intact,7646.921347,9186.834079,10063.91446,10123.47965,5688.239624,8918.331245,9793.592489,6502.253744,1.176041669,1.412869205,1.547757879,1.556918577,0.874810465,1.371575394,1.506184298
94,6.8,10.2,2.8,3.642857143,Intact,8185.109327,9720.752279,10588.00146,10585.56902,5906.382114,9454.239697,10268.11972,6527.777778,1.253889088,1.489136519,1.621991713,1.621619085,0.904807473,1.44830906,1.572988552
45.72,6.1,6.1,2.9,2.103448276,Intact,6111.52158,7300.789306,7975.333433,8164.911383,5336.005945,7093.900118,7747.967288,4572,1.336728255,1.596848055,1.74438614,1.785851134,1.167105412,1.551596701,1.694656012
60.96,6.1,7.62,2.9,2.627586207,Intact,6830.648191,8159.853911,8913.769864,9044.80146,5529.37859,7928.620618,8659.650145,4940.64042,1.382543073,1.65157818,1.804172963,1.830694139,1.119162319,1.604775888,1.752738392
76.2,6.1,9.14,2.9,3.151724138,Intact,7480.9634,8936.716801,9762.409693,9834.108634,5692.655761,8683.46883,9484.096382,5296.299336,1.412488782,1.687351155,1.843251122,1.856788676,1.074836485,1.639535132,1.790702485
91.44,6.1,10.67,2.9,3.679310345,Intact,8082.889503,9655.774339,10547.90334,10559.7925,5835.389348,9382.149773,10247.19665,5646.94441,1.431374017,1.70991135,1.867895728,1.870001143,1.033371134,1.661456018,1.814644506
40.07,6,8,3.2,2.5,Intact,6342.747827,7702.602594,8483.302233,8667.719298,5278.910998,7464.460809,8282.119036,3067.859375,2.067483236,2.510741743,2.765218739,2.825331359,1.720714789,2.433117003,2.699641028
40.07,6,7.5,3.2,2.34375,Intact,6141.339176,7458.012893,8213.922067,8414.17665,5224.680578,7227.4331,8019.127274,3245.67,1.892163768,2.29783462,2.53073235,2.592431347,1.609738691,2.226792342,2.47071553
56.11,6,7.5,3.5,2.142857143,Intact,5614.938675,6921.566261,7680.014296,7930.958948,4973.416236,6691.362276,7531.551674,4544.91,1.235434514,1.522927024,1.689805584,1.745020022,1.094282667,1.472276079,1.657139894
111.91,6,13.4,3,4.466666667,Intact,8756.157696,10519.44492,11523.7516,11467.02103,5940.219699,10211.99398,11214.21764,5864.118902,1.493175333,1.793866239,1.965129253,1.95545507,1.012977363,1.74143706,1.91234486
121.02,6,13,3.5,3.714285714,Intact,7392.410272,9112.665424,10111.20866,10214.36712,5430.95172,8809.587795,9915.748538,6462.754438,1.143848237,1.41002811,1.564535487,1.580497482,0.840346291,1.363132064,1.534291397
143.26,5.49,12.8,1.68,7.619047619,Intact,15281.92743,16664.97948,17398.24545,16462.46597,8111.775454,16433.1732,16447.12326,7312.610255,2.089804721,2.278937192,2.379211369,2.251243454,1.109285901,2.247237666,2.249145337
140.72,6,15,2.7,5.555555556,Intact,10293.52907,12150.72086,13194.87367,12947.45245,6409.246298,11829.19585,12772.98653,6895.28,1.492836994,1.762179471,1.913609551,1.877726859,0.929512115,1.715549746,1.852424634
83.43,6,12,2.8,4.285714286,Intact,8877.997568,10543.63621,11484.30002,11407.26426,6061.980181,10254.56273,11137.33955,4692.9375,1.891778352,2.246702883,2.447145315,2.430730062,1.291724039,2.185105327,2.373212845
101.21,6,12,2.3,5.217391304,Intact,10807.99704,12420.92003,13309.97305,12988.69239,6754.623079,12144.70903,12781.52275,5693.0625,1.898450445,2.181764214,2.337928496,2.281494782,1.186465646,2.133247093,2.245104941
114.35,6,12,2.3,5.217391304,Intact,10807.99704,12420.92003,13309.97305,12988.69239,6754.623079,12144.70903,12781.52275,6432.1875,1.680298816,1.931056896,2.069276284,2.019327388,1.050128448,1.888114895,1.987119117
119.41,6,15,2.3,6.52173913,Intact,12083.70804,13887.01077,14881.00226,14392.75847,7000.139933,13578.19748,14290.17686,5851.09,2.065206319,2.37340577,2.543287192,2.459842264,1.196382201,2.320627007,2.442310212
114.3,6,12,2.6,4.615384615,Intact,9560.920458,11215.02521,12140.68083,11979.07802,6314.167347,10929.39127,11730.34375,6429.375,1.48706841,1.744341435,1.888314313,1.863179239,0.982081049,1.699915041,1.824492077
104.76,6,12,4.8,2.5,Intact,5178.831915,6729.752653,7665.528895,7992.572539,4506.804807,6450.681346,7637.007487,5892.75,0.878848062,1.142039396,1.300840676,1.356340001,0.764805024,1.09468098,1.296000592
130.75,6,15,2,7.5,Intact,13896.26425,15601.63356,16525.53631,15783.54715,7559.455831,15312.36466,15758.90698,6406.75,2.169003667,2.435186882,2.579394594,2.463580935,1.179920526,2.390036237,2.459734964
44.55,6,12,2.5,4.8,Intact,9943.357276,11587.48075,12503.10984,12293.21274,6451.852418,11304.32528,12056.85607,2505.9375,3.967919103,4.624010277,4.989394126,4.905634216,2.57462623,4.511016446,4.811315553
44.55,6,12,3,4,Intact,8286.131063,9954.765818,10905.16176,10899.47991,5836.261455,9663.818707,10612.24345,2505.9375,3.306599252,3.972471707,4.351729347,4.349461991,2.32897327,3.856368607,4.234839634
40.3,6,8,2.1,3.80952381,Intact,9665.139546,10940.036,11634.90797,11445.61385,6655.124982,10723.06232,11122.25753,3085.46875,3.132470405,3.545664171,3.770872083,3.709521883,2.156925097,3.475343032,3.604722144
37.36,6,10,2.8,3.571428571,Intact,8104.465889,9624.978984,10483.68363,10489.58072,5887.697828,9361.092207,10166.95351,2391.04,3.389514976,4.025436205,4.384570575,4.387036905,2.46240039,3.915071353,4.252105154
70.76,6,14,2.6,5.384615385,Intact,10326.97439,12113.61172,13113.43406,12859.34704,6471.837056,11805.0918,12670.21936,3610.204082,2.860496015,3.355381426,3.632324868,3.561944628,1.792651304,3.269923675,3.509557651
44.55,6,6,3.3,1.818181818,Intact,5326.526786,6501.834989,7179.142938,7440.683042,4956.829299,6295.584637,7019.680194,4455,1.195628908,1.459446687,1.611479896,1.67018699,1.112644063,1.413150311,1.57568579
87.53,6,12,3.6,3.333333333,Intact,6905.10922,8552.105897,9511.437916,9663.760379,5279.405907,8261.385773,9340.719532,4923.5625,1.402461981,1.736975188,1.931820286,1.962757735,1.072273563,1.677928486,1.897146534
90.22,6.71,8.53,2.9,2.94137931,Intact,7227.01486,8633.351304,9431.015252,9526.564358,5630.090504,8388.70008,9162.149555,7199.705017,1.003793189,1.199125698,1.309916896,1.323188149,0.781989052,1.165144969,1.272572909
115.82,6.1,7.62,1.83,4.163934426,Intact,10824.52446,11973.96979,12589.88022,12256.43024,7122.740565,11780.18141,11952.62192,9386.892609,1.153153115,1.275605281,1.34121916,1.305696224,0.758796426,1.25496071,1.273331061
84.84,6,7,2.26,3.097345133,Intact,8400.845756,9626.293972,10300.30585,10254.53469,6256.601218,9416.68824,9882.676334,7315.285714,1.148396123,1.315914969,1.408052434,1.401795513,0.855277765,1.287261852,1.350962453
84.84,6,7,2.26,3.097345133,Intact,8400.845756,9626.293972,10300.30585,10254.53469,6256.601218,9416.68824,9882.676334,7315.285714,1.148396123,1.315914969,1.408052434,1.401795513,0.855277765,1.287261852,1.350962453
84.84,6,7,2.26,3.097345133,Intact,8400.845756,9626.293972,10300.30585,10254.53469,6256.601218,9416.68824,9882.676334,7315.285714,1.148396123,1.315914969,1.408052434,1.401795513,0.855277765,1.287261852,1.350962453
61.5,6,9.47,1.98,4.782828283,Intact,11153.01354,12500.7283,13229.95987,12858.91705,7062.079009,12272.28284,12609.876,4102.945931,2.718294056,3.046768959,3.224502611,3.134069341,1.721221563,2.991090559,3.073371233
61.5,6,9.26,1.98,4.676767677,Intact,11028.65962,12361.34763,13082.44841,12726.95353,7036.785832,12135.44929,12469.27835,4175.439721,2.641316928,2.960490021,3.133190581,3.048051075,1.685280187,2.906388333,2.986338968
58.71,6,11,2.3,4.782608696,Intact,10347.86935,11892.12554,12743.329,12479.08358,6661.237984,11627.67364,12237.37636,3505.617769,2.951796239,3.392305244,3.635116502,3.559738797,1.900160948,3.316868639,3.490790259
58.71,6,7,2,3.5,Intact,9492.955704,10657.94473,11289.09047,11115.97935,6691.625367,10460.33646,10765.38293,5062.239796,1.875248129,2.105381246,2.230058417,2.195861871,1.321870484,2.066345507,2.126604698
108.63,6,12.5,3.38,3.698224852,Intact,7506.210446,9199.195006,10177.70623,10265.40324,5501.534579,8901.620482,9963.565399,5948.5788,1.261849376,1.546452576,1.710947535,1.725690049,0.924848567,1.496428102,1.67494888
108.63,6,18.5,3.65,5.068493151,Intact,8456.203578,10497.31762,11688.22722,11686.06061,5615.246569,10136.6962,11486.35722,4762.977173,1.775402919,2.20394036,2.453975066,2.45352018,1.178936275,2.128226912,2.411591911
94.28,5,10,1.4,7.142857143,Intact,16208.93178,17145.8009,17631.38396,16574.40423,8620.094172,16990.74099,16516.2647,5303.25,3.056414798,3.233074228,3.324637527,3.125329605,1.625436133,3.20383557,3.114366605
94.28,5,10,1.7,5.882352941,Intact,13348.53205,14585.40452,15242.13272,14580.96078,7747.035093,14377.92976,14417.40885,5303.25,2.517047481,2.750276626,2.874111672,2.7494387,1.460808955,2.711154436,2.718598756
51.82,6.1,9.14,1.68,5.44047619,Intact,12913.56777,14082.27744,14701.90346,14099.81954,7686.236025,13886.39599,13898.1841,3601.761569,3.58534776,3.909830556,4.081864714,3.914700977,2.134021333,3.855445654,3.858718527
64.01,7.62,7.62,3.05,2.498360656,Intact,6494.714674,7824.167685,8582.91944,8748.706011,5378.11784,7592.102344,8359.283564,6401,1.01464063,1.222335211,1.340871651,1.366771756,0.840199631,1.186080666,1.305934005
48.77,6.1,9.14,4.27,2.140515222,Intact,5080.747977,6474.542828,7303.56034,7617.900266,4601.49008,6225.690912,7233.942374,3389.770585,1.498847149,1.910023898,2.154588388,2.247320305,1.35746357,1.836611285,2.134050725
108.51,6.71,8.53,2.29,3.72489083,Intact,9152.114889,10510.27281,11258.49486,11133.39368,6410.984985,10277.75902,10809.13989,8659.277227,1.056914411,1.21375867,1.300165656,1.285718587,0.740360288,1.186907262,1.248272761
46.1,6.9,7.1,3.8,1.868421053,Intact,5031.853725,6288.569549,7025.446112,7324.940422,4711.97294,6065.934428,6918.024826,4481.055346,1.122917111,1.403367971,1.567810609,1.634646273,1.051531966,1.353684335,1.543838291
50,5.7,9.3,3.65,2.547945205,Intact,5995.577759,7442.758857,8287.13199,8516.698947,5030.123249,7187.072749,8144.003069,3251.82102,1.843760072,2.288797204,2.54845883,2.61905526,1.546863502,2.210168612,2.504443824
58.3,6,8.47,3.8,2.228947368,Intact,5495.921723,6868.539485,7673.375264,7944.226629,4846.885915,6625.371606,7556.046937,4253.817024,1.291997679,1.614676759,1.803879955,1.867552503,1.139420405,1.557512128,1.776298062
59.3,6,11,3.7,2.972972973,Intact,6432.459323,8003.256508,8921.286355,9118.217079,5128.546664,7725.476751,8773.171017,3540.847107,1.816644189,2.260266051,2.519534474,2.575151313,1.4483954,2.181815966,2.477703993
196,6,15,2.6,5.769230769,Intact,10689.43404,12538.77937,13573.69382,13274.00569,6543.674528,12219.43091,13114.92301,9604,1.113018954,1.30557886,1.413337549,1.382133038,0.681348868,1.27232725,1.365568826
64.92,6,20.57,3.5,5.877142857,Intact,9298.899019,11462.80475,12718.87042,12614.94307,5844.703606,11081.56397,12473.00149,2707.902637,3.433985731,4.233093388,4.696945245,4.658565968,2.158387648,4.092305172,4.606148434
55,6.2,11.8,3.41,3.460410557,Intact,7228.847363,8872.357565,9823.305474,9938.7156,5424.61153,8583.307425,9620.87114,3199.511635,2.259359611,2.773034943,3.070251525,3.106322694,1.695449853,2.682692987,3.006981139
65,6.02,10.98,3.2,3.43125,Intact,7430.766624,9023.887413,9938.506277,10026.75771,5553.238378,8744.895392,9702.812627,3895.35038,1.907599034,2.316579134,2.55137672,2.574032304,1.425606899,2.244957331,2.490870315
51,6.11,8.89,3.27,2.718654434,Intact,6543.130133,7974.712454,8798.780751,8969.654674,5305.245038,7723.643916,8599.415099,3629.854198,1.80258759,2.196978726,2.424003905,2.471078502,1.461558715,2.127811062,2.369080032
68,6.34,11.66,3.4,3.429411765,Intact,7206.971227,8841.170529,9786.389967,9903.476559,5423.014851,8553.814673,9583.309026,4051.322638,1.778918114,2.182292382,2.415603703,2.444504535,1.338578863,2.111363482,2.365476632
46,6.4,8.6,3.55,2.422535211,Intact,5927.933221,7324.726913,8136.926459,8367.601798,5044.017539,7078.402788,7985.292667,3498.51271,1.694415231,2.093668802,2.325824467,2.391759726,1.44176053,2.023260561,2.282482109
74,5.69,11.31,3.41,3.316715543,Intact,7077.165529,8686.1902,9617.18451,9746.69415,5387.924959,8403.205156,9418.997826,4179.692783,1.693226248,2.078188673,2.300930956,2.331916401,1.289072006,2.010483926,2.253514388
68,6.13,10.87,3.37,3.225519288,Intact,7020.487998,8599.664228,9512.064279,9645.223281,5388.683937,8322.149003,9310.549233,4158.030551,1.688416646,2.068206119,2.287636938,2.319661475,1.295970261,2.001464131,2.239172877
68,7.1,12.9,4.06,3.177339901,Intact,6348.209514,8021.860387,9011.202723,9228.402212,4999.049824,7724.046797,8902.830216,4086.292891,1.553537566,1.963114393,2.205226831,2.258380018,1.223370413,1.890233276,2.178705847
54,6.08,8.92,3.58,2.491620112,Intact,5986.621907,7407.647298,8234.791115,8462.281448,5050.160051,7156.908326,8084.734605,3817.566209,1.568177624,1.940410956,2.157078794,2.216669204,1.322874254,1.874730636,2.117771942
70,6.32,10.68,3.25,3.286153846,Intact,7215.803456,8785.555299,9688.477514,9799.00971,5481.734306,8510.368509,9466.048672,4433.97649,1.62738875,1.981416753,2.185053876,2.209982334,1.236302068,1.919353548,2.134889234
49,6.43,8.57,3.69,2.322493225,Intact,5693.069358,7080.107927,7890.473514,8143.595739,4935.087534,6834.868543,7758.422283,3752.813334,1.517013731,1.886613401,2.102548891,2.16999755,1.315036772,1.821265258,2.067361628
51,6.35,8.65,3.64,2.376373626,Intact,5798.145376,7194.374336,8008.744634,8252.450467,4979.654899,6947.735777,7869.344258,3834.073975,1.512267477,1.876430758,2.088834145,2.152397299,1.298789468,1.812102693,2.052475854
72,7.11,12.89,4.15,3.106024096,Intact,6208.129849,7873.626768,8860.797595,9092.577851,4938.515755,7576.829692,8763.836173,4333.378874,1.432630294,1.816971697,2.044777956,2.098265145,1.139645505,1.748480784,2.022402478
77,5.96,10.04,2.94,3.414965986,Intact,7733.960614,9260.106046,10127.18605,10175.85008,5735.467093,8994.366545,9845.214544,4888.811289,1.581971599,1.894142666,2.071502754,2.081456918,1.173182345,1.839785996,2.013825849
57,6.65,9.35,3.65,2.561643836,Intact,6011.673298,7462.739454,8309.379365,8537.73126,5034.440498,7206.366938,8165.866204,4172.8388,1.440667513,1.788408278,1.991301309,2.046024701,1.206478548,1.726969884,1.956909096
75,6.3,10.7,3.41,3.137829912,Intact,6883.668377,8448.700621,9354.240567,9501.257265,5340.340223,8173.452686,9161.472515,4732.946109,1.454415119,1.785082785,1.976409693,2.0074721,1.128333199,1.726927055,1.935680717
78,6.3,10.7,3.35,3.194029851,Intact,7006.95796,8574.562981,9479.615308,9613.231373,5392.736379,8299.191481,9276.026558,4922.263953,1.423523408,1.741995769,1.925864886,1.953010132,1.095580495,1.686051695,1.884504091
54,6.48,8.52,3.69,2.308943089,Intact,5676.437511,7059.423957,7867.422125,8121.705583,4930.469355,6814.90102,7735.756672,4184.437612,1.356559241,1.687066366,1.880162367,1.940931216,1.178287219,1.628630094,1.84869686
56,6.41,8.59,3.63,2.366391185,Intact,5793.918567,7185.827596,7997.40414,8241.018952,4981.644044,6939.997507,7857.120322,4268.981042,1.357213469,1.683265286,1.873375417,1.930441684,1.166939838,1.625680095,1.840514222
64.92,6,9,3.6,2.5,Intact,5980,7406.340963,8237.146862,8465.923385,5041.907295,7154.56995,8089.300404,4508.333333,1.326432532,1.642811304,1.827093574,1.877838828,1.11835282,1.586965608,1.794299535
73,6.37,10.63,3.85,2.761038961,Intact,6076.987357,7611.325142,8512.429246,8743.466497,4990.27353,7339.269492,8387.751997,4667.605925,1.301949533,1.63067004,1.823724921,1.87322294,1.069129145,1.572384132,1.797013743
81,6.99,13.01,4.31,3.018561485,Intact,6005.425838,7664.812092,8652.928711,8906.252183,4844.001834,7368.356432,8574.444994,4785.534216,1.254912318,1.601662791,1.80814269,1.861077945,1.012217574,1.539714502,1.79174249
64.92,6,9,3.72,2.419354839,Intact,5787.096774,7206.782509,8037.046478,8284.678203,4951.794517,6955.634557,7905.742347,4508.333333,1.283644386,1.598546952,1.782709015,1.83763657,1.098364773,1.542839458,1.753584254
75,6.97,10.03,3.07,3.267100977,Intact,7402.774513,8927.844755,9798.940372,9884.837436,5599.696289,8661.515634,9546.739301,5386.383223,1.374349764,1.657484138,1.819205943,1.83515302,1.039602282,1.608039249,1.772383974
84,7.03,12.97,4.31,3.009280742,Intact,5996.186716,7653.020066,8639.616505,8893.645627,4841.615845,7357.020492,8561.253533,4993.434228,1.200814197,1.532616575,1.730195314,1.781067942,0.969596399,1.47333882,1.714502112
79,6.42,13.58,5.89,2.305602716,Intact,4489.696874,6037.070875,6994.325571,7391.630174,4107.551158,5754.83878,7039.967239,4283.783872,1.048068019,1.409284655,1.632744737,1.72549092,0.958860503,1.343400823,1.643399259
74,7.1,9.9,3.33,2.972972973,Intact,6780.407472,8289.035141,9159.396345,9312.395782,5343.67126,8024.130561,8960.001726,5455.055607,1.242958452,1.519514326,1.679065624,1.707112897,0.979581446,1.470953028,1.642513362
71,6.68,12.32,5.84,2.109589041,Intact,4312.955099,5791.164245,6704.681449,7107.729256,4063.058519,5521.699087,6745.557062,4221.668652,1.021623309,1.371771383,1.588159091,1.683630299,0.962429516,1.307942319,1.597841427
73,6.79,10.21,3.93,2.597964377,Intact,5834.487997,7332.740343,8214.873654,8467.109731,4902.421475,7066.717134,8102.882575,5059.518956,1.153170499,1.449295952,1.623647174,1.673500941,0.968950115,1.396717197,1.601512445
83,6.34,13.66,6.13,2.228384992,Intact,4326.605571,5856.703046,6807.888337,7218.813778,4022.085338,5576.88606,6866.010717,4448.122035,0.972681401,1.316668697,1.530508444,1.622890227,0.904220996,1.253761928,1.543575168
75,5.97,11.03,5.5,2.005454545,Intact,4333.187651,5760.339308,6635.87458,7027.935883,4125.675184,5501.210627,6656.337484,4453.97823,0.972880294,1.29330208,1.489875845,1.577900816,0.92628993,1.235122927,1.494470143
77,6.78,10.22,4.05,2.52345679,Intact,5664.386183,7154.805688,8035.568554,8304.424227,4822.745124,6889.64045,7937.950587,5326.314237,1.063472024,1.34329395,1.508654615,1.559131485,0.905456364,1.293509948,1.490327125
71,6.3,10.7,5.5,1.945454545,Intact,4267.874394,5673.514884,6535.853391,6930.420607,4105.672987,5418.291997,6556.007862,4480.522316,0.952539479,1.266261941,1.458725776,1.546788548,0.916338029,1.209299188,1.463224017
76,6.2,10.8,5.5,1.963636364,Intact,4287.771352,5699.96498,6566.323735,6960.140115,4111.78835,5443.552237,6586.572167,4707.647462,0.910809781,1.210788409,1.394820616,1.478475219,0.873427414,1.156321131,1.399121795
66,7.08,10.92,6.45,1.693023256,Intact,3676.495465,5019.153836,5859.006276,6297.315206,3773.463983,4772.790753,5924.080869,4483.154208,0.820068928,1.119558597,1.306893764,1.404661743,0.841698458,1.064605528,1.321409123
76,7.15,8.85,3.48,2.543103448,Intact,6134.438565,7554.723173,8378.564792,8590.808409,5123.004875,7304.591197,8214.24447,6210.220562,0.987797213,1.216498367,1.349157362,1.383333864,0.824931228,1.176220897,1.322697703
77,7.19,9.81,4.86,2.018518519,Intact,4624.669105,6022.113291,6866.568103,7225.538771,4334.105944,5770.450796,6845.269872,5780.834843,0.800000213,1.041737648,1.187815997,1.24991268,0.74973703,0.998203712,1.184131714
93.8,6,14,3.6,3.888888889,Intact,7458.370391,9237.330124,10273.52713,10373.89089,5411.236811,8923.3165,10089.1302,4785.714286,1.558465455,1.930188384,2.146707162,2.167678694,1.130706199,1.864573597,2.10817646
93.8,6,14.92,3,4.973333333,Intact,9239.438667,11100.04748,12159.78512,12048.03056,6043.224827,10775.62732,11833.16697,4610.293361,2.004089099,2.407666196,2.637529583,2.613289355,1.310811342,2.337297537,2.566684167
93.8,6,14.7,3.2,4.59375,Intact,8597.874846,10441.21805,11499.49089,11466.98959,5818.629648,10118.40634,11226.77818,4649.956268,1.849022733,2.245444354,2.473032052,2.466042459,1.251329972,2.176021828,2.414383606
109,6.48,17.5,3.67,4.768392371,Intact,8179.662603,10163.29714,11321.44618,11350.11678,5548.839748,9812.702657,11128.95122,5116.686008,1.598625085,1.986304635,2.212652126,2.218255481,1.084459695,1.917784801,2.175031105
106,7.5,16.47,3.5,4.705714286,Intact,8320.725315,10257.00456,11380.94164,11388.76355,5640.478933,9915.867422,11160.93626,5612.996141,1.482403534,1.827367114,2.027605463,2.028998999,1.004896278,1.766590814,1.988409752
92.28,6.93,17.07,3.87,4.410852713,Intact,7661.048744,9603.641878,10745.23621,10834.79286,5367.830117,9259.078384,10590.59949,4560.401037,1.679906807,2.105876611,2.356204229,2.375842118,1.17705221,2.030321086,2.322295651
122,6.71,21,3.29,6.382978723,Intact,9995.30796,12194.60941,13461.55264,13266.42826,6067.080723,11808.74121,13160.54814,5310.486406,1.882183136,2.296326264,2.534900123,2.498156901,1.142471755,2.22366471,2.478218969
122,6.71,21.2,3.29,6.443768997,Intact,10042.79188,12252.54137,13525.50337,13324.39913,6076.289033,11864.84006,13223.06892,5286.251124,1.899794701,2.317812961,2.558619153,2.520576268,1.149451453,2.244471514,2.501407634
97.54,6.1,9.14,3.2,2.85625,Intact,6779.623081,8233.141811,9067.614414,9215.495564,5392.638814,7978.597316,8852.574138,6779.541171,1.000012082,1.214409885,1.337496769,1.359309625,0.795428286,1.176863908,1.305777768
106.68,6.1,15.24,4.88,3.12295082,Intact,5740.570984,7480.337653,8532.180747,8824.669156,4640.119044,7166.941616,8507.462973,5229.280184,1.097774604,1.430471765,1.631616675,1.687549499,0.88733418,1.370540756,1.626889873
45.72,6.1,4.88,1.65,2.957575758,Intact,9607.455837,10445.47552,10888.784,10690.94622,7021.233758,10305.19345,10284.24963,5786.4375,1.66034038,1.805165185,1.881776828,1.847586917,1.213394901,1.780921933,1.777302464
60.96,6.1,4.88,1.55,3.148387097,Intact,10227.2917,11003.88483,11411.52188,11141.31947,7266.866261,10874.44449,10744.32612,7715.25,1.325594336,1.426251234,1.479086469,1.444064608,0.941883447,1.409474027,1.392608939
60.96,6.71,7.01,2.59,2.706563707,Intact,7335.701905,8599.292778,9306.07645,9378.532203,5806.072341,8381.15055,8989.812497,5837.906752,1.256563734,1.473009615,1.594077611,1.606488867,0.994546948,1.4356431,1.539903407
30.48,5.49,2.74,1.55,1.767741935,Intact,7663.479734,8245.393885,8550.843104,8543.361202,6625.826906,8148.402081,8050.902222,6874.696281,1.114737207,1.199383005,1.243813945,1.242725621,0.963799219,1.185274483,1.171092059
85.34,6.1,7.62,3.2,2.38125,Intact,6190.274923,7517.44023,8279.37268,8475.839635,5237.966752,7285.023119,8083.025713,6916.572399,0.894991705,1.086873641,1.197034051,1.225439299,0.757306719,1.05327071,1.168646151
167.64,3.69,14.33,1.98,7.237373737,Intact,13719.56479,15377.41807,16274.4617,15558.10335,7545.985491,15096.40233,15511.68302,6627.272882,2.070167478,2.32032366,2.455680034,2.347587556,1.138626042,2.277920737,2.340583118
108.51,6.71,7.62,2.29,3.327510917,Intact,8650.165832,9933.835384,10641.02109,10570.37266,6296.304313,9714.073852,10216.31106,9593.834234,0.901638033,1.035439548,1.109152069,1.101788127,0.656286544,1.01253301,1.064883008
42.67,5.49,4.27,2.59,1.648648649,Intact,5725.278317,6711.470167,7263.091986,7466.230754,5363.348528,6541.217206,7016.258189,5573.22449,1.027282918,1.204234672,1.303211812,1.339660867,0.962342094,1.173686296,1.258922586
140.21,5.49,17.37,2.44,7.118852459,Intact,12257.23501,14226.12479,15319.33698,14808.5679,6937.22845,13887.59646,14754.63568,6071.161884,2.018927389,2.343229362,2.523295751,2.439165384,1.142652524,2.287469307,2.430282038
160.93,6.31,14.94,2.96,5.047297297,Intact,9370.570182,11232.3786,12291.04887,12162.73307,6089.310007,10908.0434,11952.88003,8139.424401,1.151257106,1.379996674,1.510063644,1.494298917,0.748125384,1.340149237,1.468516622
180.44,5.97,15.24,2.99,5.096989967,Intact,9369.226222,11249.6967,12320.30679,12193.05494,6074.924309,10921.88732,11987.37554,8737.440476,1.072307874,1.287527707,1.410059024,1.39549505,0.695275044,1.250009925,1.371955045
163.98,6.22,15,2.8,5.357142857,Intact,9925.903033,11788.14365,12839.83776,12640.37937,6282.32087,11464.94967,12451.92417,8204.254648,1.209848238,1.436832979,1.565021846,1.540710267,0.76573938,1.397439519,1.517739843
146,5.49,16.46,2.41,6.829875519,Intact,12080.37186,13991.9147,15051.66568,14564.94685,6924.713815,13663.5229,14487.86682,6490.860147,1.861135748,2.155633366,2.318901554,2.243916295,1.066840705,2.105040409,2.232041131
198.12,5.7,17.16,2.83,6.06360424,Intact,10503.99814,12496.91946,13623.89366,13353.07637,6381.49827,12150.79622,13219.33463,8789.946122,1.195001425,1.42172879,1.54994052,1.519130628,0.725999703,1.382351615,1.50391532
182.88,5.49,15.85,4.88,3.24795082,Intact,5854.330566,7628.573792,8701.26102,8985.42886,4669.347657,7308.967258,8676.05342,8287.747647,0.706383787,0.920464053,1.049894542,1.084182246,0.563403696,0.881900315,1.046852992
36.58,4.88,7.32,1.83,4,Intact,10609.30368,11735.89493,12339.55941,12032.05499,7077.11257,11545.9596,11714.97152,2540.277778,4.176434472,4.619925835,4.857563026,4.736511532,2.785960115,4.54515632,4.611689172
91.44,6.1,7.62,1.68,4.535714286,Intact,11790.99985,12858.11436,13423.8767,12968.13703,7465.778838,12679.26076,12690.02413,7410.96063,1.591021791,1.735013179,1.811354475,1.749859118,1.00739691,1.710879519,1.712331878
60.96,6.1,9.14,4.88,1.87295082,Intact,4445.65448,5792.97716,6607.553092,6975.263167,4275.657602,5550.274735,6588.410975,4237.039469,1.049236032,1.367222846,1.559474048,1.646258719,1.009114414,1.309941712,1.554956243
76.2,6.1,10.67,4.88,2.18647541,Intact,4803.356467,6259.086133,7139.203693,7489.98556,4382.862388,5996.855619,7118.521381,4705.787008,1.02073393,1.330082752,1.517111523,1.59165418,0.931377128,1.274357638,1.512716442
91.44,6.1,12.19,4.88,2.49795082,Intact,5134.101624,6690.068601,7630.788497,7963.189525,4477.257997,6409.781657,7608.682061,5146.313346,0.997627093,1.299973039,1.482767951,1.547358077,0.869993274,1.245509402,1.478472364
45.72,6.1,6.1,3.05,2,Intact,5810.954945,7000.443928,7679.314746,7897.620485,5190.035064,6792.810289,7479.223123,4572,1.270987521,1.531155715,1.679640146,1.727388558,1.135178273,1.485741533,1.635875574
178.49,6,19,2.3,8.260869565,Intact,13599.7647,15629.31496,16748.01547,16046.07119,7269.9713,15281.75707,16083.06343,7725.502078,1.760372927,2.023080805,2.167886994,2.077026325,0.941035447,1.978092416,2.081814653
195.15,6,20,2.1,9.523809524,Intact,15281.92743,17297.71572,18396.40478,17445.82427,7705.957638,16954.65021,17585.83326,8245.0875,1.853458491,2.097942043,2.231195821,2.115905291,0.93461199,2.05633357,2.132886189
203.42,6,19,1.7,11.17647059,Intact,18399.68166,20104.59269,21009.83005,19589.024,8584.916975,19818.60848,19873.02665,8804.536011,2.089795718,2.283435796,2.386250681,2.224878628,0.975056149,2.250954332,2.25713503
203.42,6,19,1.7,11.17647059,Intact,18399.68166,20104.59269,21009.83005,19589.024,8584.916975,19818.60848,19873.02665,8804.536011,2.089795718,2.283435796,2.386250681,2.224878628,0.975056149,2.250954332,2.25713503
42.67,5.49,5.49,2.59,2.11969112,Intact,6491.855406,7610.091855,8235.572205,8381.232033,5583.405048,7417.043142,7955.688987,4267,1.521409751,1.783475944,1.930061449,1.964197805,1.308508331,1.738233687,1.864468945
91.44,6.1,6.1,1.68,3.630952381,Intact,10549.65035,11504.41967,12010.61888,11706.57975,7204.686678,11344.39567,11354.02588,9144,1.153723791,1.258138634,1.313497253,1.28024713,0.787914116,1.240638196,1.241691369
48.77,6.4,7.32,2.44,3,Intact,7956.977761,9235.113668,9944.789635,9951.30969,6041.430705,9015.352658,9578.20486,4283.303271,1.857673215,2.156072798,2.321757066,2.323279268,1.410460647,2.104766365,2.236172471
83.92,6,11.47,3,3.823333333,Intact,8101.079316,9732.448937,10661.61996,10675.33652,5794.232087,9447.999463,10375.24331,4867.034873,1.664479406,1.999666982,2.190578092,2.193396349,1.190505562,1.941222882,2.131738025
87.6,6,12,2.8,4.285714286,Intact,8877.997568,10543.63621,11484.30002,11407.26426,6061.980181,10254.56273,11137.33955,4927.5,1.801724519,2.13975367,2.330654494,2.315020652,1.230234436,2.081088327,2.260241411
45.72,6.1,6.1,3.96,1.54040404,Intact,4475.609238,5632.059803,6313.583929,6647.453858,4495.75723,5426.620956,6229.880939,4572,0.978917156,1.2318591,1.380923869,1.453948788,0.983323979,1.186924969,1.362616128
60.96,6.1,7.62,3.96,1.924242424,Intact,5002.242362,6294.769412,7056.486683,7363.815422,4658.679925,6065.157119,6962.934583,4940.64042,1.012468412,1.274079649,1.428253441,1.490457673,0.942930375,1.227605453,1.409318224
45.72,6.1,6.1,1.68,3.630952381,Intact,10549.65035,11504.41967,12010.61888,11706.57975,7204.686678,11344.39567,11354.02588,4572,2.307447583,2.516277268,2.626994506,2.560494259,1.575828232,2.481276392,2.483382738
60.96,6.1,7.62,1.68,4.535714286,Intact,11790.99985,12858.11436,13423.8767,12968.13703,7465.778838,12679.26076,12690.02413,4940.64042,2.386532686,2.602519768,2.717031712,2.624788677,1.511095365,2.566319278,2.568497817
76.2,6.1,9.14,3.96,2.308080808,Intact,5478.483298,6894.06602,7728.302956,8006.429012,4796.246211,6642.593375,7625.844183,5296.299336,1.034398351,1.301676054,1.459189231,1.511702512,0.905584429,1.254195232,1.43984388
91.44,6.1,12.19,3.96,3.078282828,Intact,6326.872709,7961.670371,8925.095943,9140.402321,5022.392741,7671.255063,8806.770564,5146.313346,1.229399044,1.547062885,1.734269824,1.776106837,0.975920509,1.490631166,1.711277564
76.2,6.1,9.14,1.68,5.44047619,Intact,12913.56777,14082.27744,14701.90346,14099.81954,7686.236025,13886.39599,13898.1841,5296.299336,2.438224684,2.658890018,2.775882277,2.662202161,1.451246528,2.62190543,2.624131156
33.53,5.49,6.71,3.96,1.694444444,Intact,4694.05857,5906.954155,6621.742688,6945.379272,4564.841273,5691.488075,6533.954252,2771.07438,1.693948962,2.131647637,2.389593991,2.506385004,1.647318205,2.053892207,2.357913703
115.82,6.1,9.14,1.83,4.994535519,Intact,11855.07861,13113.95745,13788.50594,13326.00466,7333.068165,12901.71936,13090.57715,8050.09697,1.472662833,1.629043414,1.712837248,1.655384365,0.910929172,1.602678751,1.626139064
169,6.19,21.81,2.58,8.453488372,Intact,12989.44385,15217.07033,16462.48845,15848.75056,6977.124912,14832.60105,15899.94046,6963.56197,1.865344762,2.185242322,2.364090177,2.275954552,1.001947702,2.130030739,2.28330566
70,6,12,2.6,4.615384615,Intact,9560.920458,11215.02521,12140.68083,11979.07802,6314.167347,10929.39127,11730.34375,3937.5,2.428170275,2.848260371,3.083347513,3.042305529,1.603598056,2.775718417,2.97913492
104,6,11,3,3.666666667,Intact,7933.366499,9530.962646,10440.89748,10471.84094,5755.573039,9252.401995,10160.44955,6209.917355,1.277531736,1.534797019,1.681326318,1.686309228,0.92683569,1.489939634,1.636165019
110.5,5,12,2.8,4.285714286,Intact,8877.997568,10543.63621,11484.30002,11407.26426,6061.980181,10254.56273,11137.33955,5544.184028,1.601317258,1.901747157,2.071413929,2.057519051,1.093394474,1.849607206,2.00883295
110.5,5,12,3,4,Intact,8286.131063,9954.765818,10905.16176,10899.47991,5836.261455,9663.818707,10612.24345,5544.184028,1.494562775,1.795533079,1.966955228,1.965930397,1.05268177,1.743055183,1.914121788
70,5,20.57,2.6,7.911538462,Intact,12517.74868,14683.40498,15895.33059,15349.27244,6882.790892,14309.43534,15358.09189,2704.15089,4.629086611,5.429950314,5.878122649,5.676189333,2.5452688,5.291655652,5.679450783
70,5,15.44,2.6,5.938461538,Intact,10845.07925,12721.35228,13771.33576,13451.71869,6574.014475,12397.3539,13305.88495,3066.939717,3.536124037,4.147897726,4.490253163,4.386039484,2.143509519,4.042255486,4.338489236
93,6,10,2.9,3.448275862,Intact,7825.001548,9347.702838,10211.36809,10249.43089,5775.153489,9082.808377,9920.255574,5952,1.3146844,1.57051459,1.715619639,1.722014598,0.970287885,1.526009472,1.666709606
84,5.89,11,2.77,3.971119134,Intact,8592.093681,10185.75264,11084.57244,11037.89905,6013.694844,9909.37289,10743.90016,4951.003388,1.735424722,2.057310779,2.238853737,2.22942668,1.214641634,2.001487802,2.170045001
84,5.89,11.5,2.77,4.151624549,Intact,8785.198549,10414.67454,11333.69506,11265.92327,6056.618399,10132.08323,10985.36626,4802.006881,1.82948479,2.168817079,2.36019967,2.346086449,1.261268163,2.109968496,2.2876615
47.24,7.62,6.1,5.18,1.177606178,Intact,3421.508221,4503.090318,5161.786385,5567.708797,3878.411052,4307.484805,5162.208543,5974.457146,0.57268939,0.753723762,0.863975799,0.931918777,0.649165432,0.720983463,0.864046459
64.01,6.25,6.1,3.44,1.773255814,Intact,5152.154821,6332.776558,7016.629025,7294.668861,4857.670582,6125.014017,6875.043766,6559.369272,0.785464975,0.965455106,1.069710933,1.11209913,0.740569768,0.933780942,1.048125739
91.44,6.1,10.67,4.27,2.49882904,Intact,5489.550248,6995.491285,7891.212408,8180.044485,4716.864558,6726.616484,7815.992909,5646.94441,0.972127553,1.238810014,1.39743051,1.448578894,0.835295022,1.191195804,1.384110121
38.1,5.49,4.27,1.52,2.809210526,Intact,9755.572923,10462.14317,10832.12534,10613.59434,7190.132881,10344.53282,10188.84336,4976.326531,1.960396462,2.102382772,2.176731224,2.132817104,1.444867582,2.078748804,2.047462781
106.68,6.1,12.19,4.27,2.854800937,Intact,5867.544714,7477.18047,8434.578346,8696.845144,4818.453716,7189.791733,8354.17945,6004.032237,0.977267357,1.245359814,1.404818964,1.448500741,0.802536283,1.197493859,1.391428147
88.39,6.1,9.14,3.05,2.996721311,Intact,7113.047167,8569.071404,9400.060492,9512.174003,5536.928428,8314.912168,9155.133252,6143.568219,1.157803888,1.394803655,1.53006529,1.548314215,0.901256115,1.353433684,1.490198029
84.65,6,6,1.75,3.428571429,Intact,10044.30765,11028.26925,11552.59421,11309.07002,7026.122272,10862.88879,10943.35406,8465,1.186569126,1.302807945,1.364748282,1.33597992,0.830020351,1.283270973,1.292776617
85.34,6.1,7.62,3.05,2.498360656,Intact,6494.714674,7824.167685,8582.91944,8748.706011,5378.11784,7592.102344,8359.283564,6916.572399,0.93900769,1.131220384,1.240920928,1.264890398,0.777569803,1.097668311,1.20858759
108.51,6.4,8.84,2.29,3.860262009,Intact,9316.935313,10699.5523,11461.24908,11317.72282,6447.706753,10462.85117,11003.80167,8062.60115,1.155574379,1.327059605,1.421532439,1.403730956,0.799705533,1.297701694,1.364795489
79.4,6,24,3,8,Intact,11718.35893,14078.16483,15422.22766,14992.69041,6520.779858,13666.70348,15007.97861,3101.5625,3.778211443,4.539055663,4.972405896,4.833915295,2.102417687,4.406393061,4.838844489
138.89,6,17.78,3,5.926666667,Intact,10086.18788,12117.31236,13274.16976,13060.23556,6215.195886,11763.16068,12917.61866,6211.137933,1.623887279,1.950900542,2.137155848,2.102712208,1.000653335,1.893881734,2.079750731
138.89,6,31.06,3,10.35333333,Intact,13330.9746,16015.52392,17544.54924,16880.87949,6795.446101,15547.43954,17073.29353,4943.32215,2.696764281,3.239830106,3.549141389,3.414885573,1.37467191,3.145139862,3.453809606
79.4,6,19.47,3,6.49,Intact,10554.65765,12680.12108,13890.71065,13617.29167,6306.149933,12309.52024,13517.59894,3396.929221,3.107117329,3.732818747,4.089196372,4.008706328,1.856426649,3.623719965,3.979358431
60.96,6.71,7.01,3.35,2.092537313,Intact,5671.482965,6940.313922,7672.869888,7913.764926,5039.908699,6717.426218,7508.083666,5837.906752,0.971492558,1.188836036,1.314318678,1.355582619,0.863307503,1.150656648,1.286091742
30.48,6.1,6.1,3.2,1.90625,Intact,5538.566432,6726.008559,7407.72521,7651.298906,5054.78532,6518.060184,7232.049536,3048,1.817114971,2.206695721,2.43035604,2.51026867,1.658394134,2.138471189,2.372719664
44.2,6.1,6.1,4.27,1.428571429,Intact,4150.682104,5289.333218,5966.593371,6324.872229,4313.202739,5086.035358,5909.719453,4420,0.939068349,1.196681724,1.349908002,1.430966568,0.975837724,1.150686732,1.3370406
42.8,6,7,2.2,3.181818182,Intact,8629.959731,9844.493055,10510.28371,10438.27079,6349.881812,9637.135039,10070.58276,3690.408163,2.338483807,2.667589226,2.848000342,2.828486803,1.720644853,2.611400857,2.728853372
67.8,6,11,4,2.75,Intact,5950.024874,7500.026534,8414.605873,8660.908909,4913.288483,7224.489764,8307.221838,4048.38843,1.469726776,1.852595586,2.078507539,2.139347313,1.21364058,1.784534733,2.051982408
67.8,6,11.73,4,2.9325,Intact,6144.286312,7744.893735,8689.333033,8920.720271,4964.061082,7460.361008,8578.443034,3872.497531,1.586646928,1.999973834,2.243857605,2.303609028,1.281875855,1.926498584,2.215222338
36.3,6,8,3.7,2.162162162,Intact,5485.619742,6825.200083,7608.098567,7875.727591,4873.779532,6588.30871,7481.785382,2779.21875,1.973799199,2.455798085,2.737495408,2.833791903,1.753650925,2.370561407,2.692046239
51.8,6.02,10.98,2.88,3.8125,Intact,8256.40736,9851.665506,10755.71372,10748.81194,5884.545649,9574.278597,10445.46764,3104.294611,2.659672613,3.173560097,3.464785102,3.462561801,1.895614427,3.084204239,3.364844177
124.9,5.73,18.27,2.67,6.842696629,Intact,11487.8946,13535.29804,14684.8075,14281.85861,6655.480324,13181.11105,14207.3425,5388.251218,2.13202654,2.512002037,2.725338315,2.650555446,1.235183746,2.446268839,2.636726078
110,6.18,17.82,3.46,5.150289017,Intact,8755.081255,10771.74068,11940.68401,11898.98033,5748.252113,10416.71627,11703.13029,4988.153136,1.755174915,2.159464713,2.393808628,2.385448082,1.152380842,2.088291194,2.346185046
146.2,6.29,19.89,2.91,6.835051546,Intact,10997.8257,13145.49553,14364.1549,14030.88476,6434.619213,12771.79241,13957.054,6332.236102,1.736799691,2.075964212,2.268417455,2.215786735,1.016168556,2.016948232,2.204127227
68.9,6,12.9,3,4.3,Intact,8591.243542,10321.32088,11306.71236,11268.17722,5904.186856,10019.66049,11003.00819,3697.459438,2.323553155,2.791462909,3.057967925,3.047545865,1.596822617,2.709877055,2.975829317
34.5,6.5,5.5,5.5,1,Intact,3059.856681,4067.631992,4685.88642,5102.815807,3690.973959,3884.649697,4700.336188,4105.785124,0.745254949,0.99070747,1.141288762,1.242835573,0.8989691,0.946140526,1.144808129
33.8,6,8,2.4,3.333333333,Intact,8456.997103,9788.394384,10526.13637,10480.07533,6183.874185,9559.732844,10129.74665,2587.8125,3.26800999,3.782497528,4.067580774,4.049781557,2.389614466,3.69413659,3.91440518
52.8,6,8,3,2.666666667,Intact,6765.597682,8128.032254,8904.027292,9044.900547,5469.657568,7890.474933,8664.86049,4042.5,1.673617237,2.010644961,2.202604154,2.237452207,1.353038359,1.951880008,2.143441061
38.37,6.4,8.1,5.9,1.372881356,Intact,3461.568481,4655.91683,5394.93145,5821.343293,3778.082409,4438.050191,5430.596818,3073.956904,1.126095319,1.514633085,1.755044595,1.893762169,1.229061606,1.443758104,1.766647024
52.8,6,11.3,3,3.766666667,Intact,8040.821053,9660.056056,10582.31563,10602.26087,5780.405304,9377.722403,10298.06913,3093.921215,2.59890944,3.122269568,3.420357176,3.426803765,1.868310439,3.031015255,3.328484604
45.72,6.1,6.1,4.57,1.334792123,Intact,3878.208443,4998.470725,5670.354323,6047.689173,4155.098213,4797.54896,5635.403754,4572,0.848252065,1.093278811,1.240234979,1.322766661,0.908814132,1.049332668,1.232590497
219.46,5.58,21.73,3.17,6.85488959,Intact,10552.44339,12794.69471,14080.49253,13811.18018,6226.290677,12402.27417,13740.09828,8666.0129,1.217681477,1.476422301,1.624794781,1.593717935,0.718472353,1.431139592,1.585515558
76.2,6.1,7.62,4.57,1.667396061,Intact,4334.546992,5586.62758,6337.569947,6699.417214,4305.675694,5362.063881,6298.506837,6175.800525,0.701859941,0.904599745,1.026194082,1.084785233,0.697185033,0.868237868,1.019868892
106.68,5.49,6.71,1.19,5.638655462,Intact,15620.56465,16081.00072,16314.86442,15357.26204,8843.154333,16005.64954,15159.3244,8816.528926,1.771736336,1.823960524,1.850486122,1.741871679,1.003019942,1.815413943,1.719420934
182.88,5.94,16.92,2.44,6.93442623,Intact,12097.42068,14040.63935,15119.59784,14630.84164,6908.155152,13706.52488,14562.25931,8345.607515,1.449555428,1.682398714,1.811683309,1.753118825,0.82775941,1.642363945,1.74490105
91.44,6.1,12.19,1.52,8.019736842,Intact,16483.16837,17677.0005,18302.12815,17195.99723,8504.113533,17478.28422,17215.22886,5146.313346,3.202908036,3.434886162,3.556357128,3.341420562,1.652467108,3.396272835,3.345157535
35.05,5.49,9.75,2.44,3.995901639,Intact,9183.218368,10658.32632,11477.36962,11353.95759,6324.974283,10404.69819,11054.29089,2140.862296,4.289495119,4.978520262,5.361096623,5.303450678,2.954405006,4.860050183,5.163475912
50.6,6.1,6.1,1.37,4.452554745,Intact,12936.79751,13635.12473,13996.09631,13393.63871,8060.07145,13519.71883,13096.70303,5060,2.556679349,2.694688682,2.766026938,2.646964172,1.592899496,2.671881192,2.588281232
76.2,6.1,9.14,1.37,6.671532847,Intact,15835.61596,16690.42115,17132.27759,16131.77313,8598.7933,16549.15563,16031.35238,5296.299336,2.989939758,3.151336451,3.234763842,3.045857515,1.623547454,3.124663955,3.026896964
35.05,4.88,7.32,2.59,2.826254826,Intact,7496.148933,8787.377162,9509.619659,9567.086113,5846.410865,8564.46371,9186.438357,2434.027778,3.079730232,3.610220574,3.906947877,3.93055749,2.401949114,3.518638443,3.774171536
42,10,5,1.8,2.777777778,Intact,8914.45767,9833.892024,10325.54666,10207.7207,6719.202857,9679.057677,9794.803056,9450,0.943328854,1.040623495,1.09265044,1.080182085,0.711026757,1.024238908,1.036487096
36,7,5,2.4,2.083333333,Intact,6685.843253,7738.405222,8321.641474,8442.463905,5735.89837,7557.632402,8008.267887,5184,1.289707418,1.492747921,1.605254914,1.62856171,1.106461877,1.457876621,1.544804762
38,7,5,1.8,2.777777778,Intact,8914.45767,9833.892024,10325.54666,10207.7207,6719.202857,9679.057677,9794.803056,5472,1.629104106,1.79712939,1.886978555,1.865446035,1.227924499,1.76883364,1.789985939
22,6,6,1.5,4,Intact,11718.35893,12539.32147,12968.49596,12520.21464,7647.798513,12402.7952,12190.26659,2200,5.326526786,5.699691576,5.894770889,5.691006654,3.476272051,5.637634181,5.541030268
36.58,6.1,6.1,3.66,1.666666667,Intact,4842.462454,6014.057879,6697.867216,7002.234289,4694.837952,5807.023909,6583.087342,3658,1.323800562,1.644083619,1.831018922,1.914224792,1.283443945,1.587486033,1.799641154
51.82,6.1,7.62,3.66,2.081967213,Intact,5412.262228,6721.716193,7485.98757,7756.828696,4864.975175,6490.321082,7357.701851,4199.868546,1.288674197,1.600458709,1.782433781,1.846921781,1.158363678,1.545362911,1.751888606
137.16,5.49,12.8,3.66,3.49726776,Intact,7014.655216,8711.795469,9702.342485,9846.944717,5285.930251,8411.89187,9536.075581,7001.239861,1.00191614,1.244321812,1.385803469,1.406457272,0.754999165,1.201486028,1.36205526
91.44,6.1,9.14,4.57,2,Intact,4747.219663,6118.505197,6940.941401,7284.05117,4432.818109,5872.561801,6898.159267,6355.559203,0.746939728,0.962701314,1.092105538,1.14609131,0.69747098,0.924003949,1.085374087
45.72,6.1,7.62,4.88,1.56147541,Intact,4059.196671,5289.39748,6033.162865,6415.413214,4153.022876,5067.793017,6015.684759,3705.480315,1.095457627,1.427452592,1.628172963,1.731331074,1.120778556,1.367648074,1.623456137
19.81,6.1,7.62,3.2,2.38125,Intact,6190.274923,7517.44023,8279.37268,8475.839635,5237.966752,7285.023119,8083.025713,1605.546042,3.8555574,4.682170447,5.156733263,5.27910095,3.262420768,4.537411528,5.03444031
29.77,5,14,3,4.666666667,Intact,8950.044469,10752.376,11778.92094,11700.41587,5981.997479,10438.1172,11462.533,1370.78699,6.529128549,7.843943718,8.59281641,8.535546339,4.363914688,7.614689428,8.362008894
58.53,6,11.42,3.5,3.262857143,Intact,6928.63108,8540.962225,9476.859647,9623.297866,5319.50942,8256.89884,9293.662145,3404.729599,2.035001864,2.508558162,2.783439733,2.826449968,1.56238822,2.425126166,2.729632963
58.53,6,14,3.5,4,Intact,7671.466688,9456.659826,10492.89712,10568.5746,5495.731307,9142.141307,10290.05856,2986.22449,2.56895177,3.166761192,3.513767017,3.539109211,1.840361073,3.061438059,3.445842265
42.59,6,15,3.7,4.054054054,Intact,7511.494187,9345.790112,10417.81801,10516.50109,5389.470303,9021.413241,10244.85656,2086.91,3.599337867,4.478290924,4.99198241,5.039269108,2.582512089,4.322856875,4.909103201
13.22,6,8,2.6,3.076923077,Intact,7806.458864,9157.02974,9912.824391,9940.801788,5917.543874,8923.810602,9577.785563,1012.15625,7.712701339,9.04705152,9.793768887,9.82141027,5.84647269,8.816633402,9.46275396
65.78,5,10,2.2,4.545454545,Intact,10314.77477,11766.41974,12562.19178,12299.38683,6722.79635,11518.57951,12036.64863,3700.125,2.787682786,3.180006012,3.39507227,3.324046303,1.816910604,3.113024428,3.253038378
54.65,5,10,2.2,4.545454545,Intact,10314.77477,11766.41974,12562.19178,12299.38683,6722.79635,11518.57951,12036.64863,3074.0625,3.355421293,3.82764493,4.086511509,4.001020418,2.186941986,3.747021901,3.915551043
54.99,5,9.47,3,3.156666667,Intact,7360.988934,8843.321505,9687.606245,9774.69899,5619.293763,8584.858484,9427.392105,3209.673323,2.293376364,2.755209212,3.018253034,3.045387492,1.750736975,2.674682942,2.937181189
45.72,6.4,6.55,3.51,1.866096866,Intact,5232.34008,6453.008721,7161.809134,7437.906783,4859.170343,6237.907923,7024.365933,4467.897151,1.171096806,1.444305566,1.602948522,1.664744405,1.087574351,1.396161933,1.572186131
82,6,12,3,4,Intact,8286.131063,9954.765818,10905.16176,10899.47991,5836.261455,9663.818707,10612.24345,4612.5,1.796451179,2.158214812,2.364262712,2.363030874,1.265314136,2.095136847,2.300757387
70.1,6,12,3.35,3.582089552,Intact,7420.415878,9080.520199,10038.97674,10133.89104,5492.584987,8788.899917,9823.374872,3943.125,1.88186169,2.30287404,2.54594433,2.570015164,1.392952287,2.228917399,2.491266412
21.34,6.71,6.1,2.74,2.226277372,Intact,6468.398753,7654.223314,8322.128655,8476.543258,5505.191036,7448.723674,8061.966385,2352.735,2.749310378,3.253329981,3.537214627,3.602846584,2.339911225,3.165984981,3.426635973
30.48,6.4,6.4,3.66,1.74863388,Intact,4960.110271,6160.169652,6860.592165,7158.593499,4731.040098,5948.105784,6743.023709,3048,1.627332766,2.021053036,2.250850448,2.348619914,1.55217851,1.951478275,2.21227812
41.15,6.4,6.4,1.98,3.232323232,Intact,9168.688683,10276.62037,10876.10832,10738.06905,6632.929346,10088.81953,10366.3487,4115,2.228113896,2.497356105,2.643039689,2.609494302,1.611890485,2.45171799,2.519161287
78.54,6,14,2.7,5.185185185,Intact,9944.493855,11738.71159,12747.45903,12542.9948,6338.8846,11428.08891,12339.87733,4007.142857,2.481691871,2.929446741,3.181184071,3.130159129,1.581896335,2.851929497,3.079470278
78.54,6,14,2.4,5.833333333,Intact,11187.55559,12948.82864,13924.76955,13556.94727,6763.114386,12646.33785,13400.39525,4007.142857,2.791903355,3.231436737,3.474987054,3.383195398,1.687764731,3.15594884,3.344127156
